ID_CATEGORIA;RUTA_CATEGORIA;NOMBRE_CATEGORIA;VALOR_COMISION;PUNTOS_COMISION
916;COTO-VERDE-MINI VOZ-;TERMINAL EXTRA(5);10;5.00
917;COTO-VERDE-MINI VOZ-;TERMINAL EXTRA(10);10;5.00
918;COTO-VERDE-MINI VOZ-;TERMINAL EXTRA(20);10;5.00
919;COTO-VERDE-MINI VOZ-;NO EXTRA;10;5.00
920;COTO-VERDE-MINI VOZ-;15%;10;5.00
921;COTO-VERDE-MINI S-;TERMINAL EXTRA(5);15;5.00
922;COTO-VERDE-MINI S-;TERMINAL EXTRA(10);15;5.00
923;COTO-VERDE-MINI S-;TERMINAL EXTRA(20);15;5.00
924;COTO-VERDE-MINI S-;NO EXTRA;15;5.00
925;COTO-VERDE-MINI S-;15%;15;5.00
926;COTO-VERDE-SMART XS-;TERMINAL EXTRA(5);30;5.00
927;COTO-VERDE-SMART XS-;TERMINAL EXTRA(10);30;5.00
928;COTO-VERDE-SMART XS-;TERMINAL EXTRA(20);30;5.00
929;COTO-VERDE-SMART XS-;NO EXTRA;30;5.00
930;COTO-VERDE-SMART XS-;15%;30;5.00
931;COTO-VERDE-SMART S-;TERMINAL EXTRA(5);45;5.00
932;COTO-VERDE-SMART S-;TERMINAL EXTRA(10);45;5.00
933;COTO-VERDE-SMART S-;TERMINAL EXTRA(20);45;5.00
934;COTO-VERDE-SMART S-;NO EXTRA;45;5.00
935;COTO-VERDE-SMART S-;15%;45;5.00
936;COTO-VERDE-SMART L-;TERMINAL EXTRA(5);55;5.00
937;COTO-VERDE-SMART L-;TERMINAL EXTRA(10);55;5.00
938;COTO-VERDE-SMART L-;TERMINAL EXTRA(20);55;5.00
939;COTO-VERDE-SMART L-;NO EXTRA;55;5.00
940;COTO-VERDE-SMART L-;15%;55;5.00
941;COTO-VERDE-MEGAYUSER-;TERMINAL EXTRA(5);30;5.00
942;COTO-VERDE-MEGAYUSER-;TERMINAL EXTRA(10);30;5.00
943;COTO-VERDE-MEGAYUSER-;TERMINAL EXTRA(20);30;5.00
944;COTO-VERDE-MEGAYUSER-;NO EXTRA;30;5.00
945;COTO-VERDE-MEGAYUSER-;15%;30;5.00
946;COTO-VERDE-RED M-;TERMINAL EXTRA(5);65;5.00
947;COTO-VERDE-RED M-;TERMINAL EXTRA(10);65;5.00
948;COTO-VERDE-RED M-;TERMINAL EXTRA(20);65;5.00
949;COTO-VERDE-RED M-;NO EXTRA;65;5.00
950;COTO-VERDE-RED M-;15%;65;5.00
951;COTO-VERDE-RED M PLUS-;TERMINAL EXTRA(5);90;5.00
952;COTO-VERDE-RED M PLUS-;TERMINAL EXTRA(10);90;5.00
953;COTO-VERDE-RED M PLUS-;TERMINAL EXTRA(20);90;5.00
954;COTO-VERDE-RED M PLUS-;NO EXTRA;90;5.00
955;COTO-VERDE-RED M PLUS-;15%;90;5.00
956;COTO-VERDE-RED L-;TERMINAL EXTRA(5);120;5.00
957;COTO-VERDE-RED L-;TERMINAL EXTRA(10);120;5.00
958;COTO-VERDE-RED L-;TERMINAL EXTRA(20);120;5.00
959;COTO-VERDE-RED L-;NO EXTRA;120;5.00
960;COTO-VERDE-RED L-;15%;120;5.00
961;COTO-VERDE-RED L PLUS-;TERMINAL EXTRA(5);125;5.00
962;COTO-VERDE-RED L PLUS-;TERMINAL EXTRA(10);125;5.00
963;COTO-VERDE-RED L PLUS-;TERMINAL EXTRA(20);125;5.00
964;COTO-VERDE-RED L PLUS-;NO EXTRA;125;5.00
965;COTO-VERDE-RED L PLUS-;15%;125;5.00
966;COTO-VERDE-RED XL-;TERMINAL EXTRA(5);155;5.00
967;COTO-VERDE-RED XL-;TERMINAL EXTRA(10);155;5.00
968;COTO-VERDE-RED XL-;TERMINAL EXTRA(20);155;5.00
969;COTO-VERDE-RED XL-;NO EXTRA;155;5.00
970;COTO-VERDE-RED XL-;15%;155;5.00
971;COTO-VERDE-RED XXL-;TERMINAL EXTRA(5);180;5.00
972;COTO-VERDE-RED XXL-;TERMINAL EXTRA(10);180;5.00
973;COTO-VERDE-RED XXL-;TERMINAL EXTRA(20);180;5.00
974;COTO-VERDE-RED XXL-;NO EXTRA;180;5.00
975;COTO-VERDE-RED XXL-;15%;180;5.00
976;COTO-VERDE-+ LINEA MINI-;TERMINAL EXTRA(5);10;5.00
977;COTO-VERDE-+ LINEA MINI-;TERMINAL EXTRA(10);10;5.00
978;COTO-VERDE-+ LINEA MINI-;TERMINAL EXTRA(20);10;5.00
979;COTO-VERDE-+ LINEA MINI-;NO EXTRA;10;5.00
980;COTO-VERDE-+ LINEA MINI-;15%;10;5.00
981;COTO-VERDE-+ LINEA S-;TERMINAL EXTRA(5);25;5.00
982;COTO-VERDE-+ LINEA S-;TERMINAL EXTRA(10);25;5.00
983;COTO-VERDE-+ LINEA S-;TERMINAL EXTRA(20);25;5.00
984;COTO-VERDE-+ LINEA S-;NO EXTRA;25;5.00
985;COTO-VERDE-+ LINEA S-;15%;25;5.00
986;COTO-VERDE-+ LINEA M-;TERMINAL EXTRA(5);65;5.00
987;COTO-VERDE-+ LINEA M-;TERMINAL EXTRA(10);65;5.00
988;COTO-VERDE-+ LINEA M-;TERMINAL EXTRA(20);65;5.00
989;COTO-VERDE-+ LINEA M-;NO EXTRA;65;5.00
990;COTO-VERDE-+ LINEA M-;15%;65;5.00
991;COTO-VERDE-+ LINEA L-;TERMINAL EXTRA(5);115;5.00
992;COTO-VERDE-+ LINEA L-;TERMINAL EXTRA(10);115;5.00
993;COTO-VERDE-+ LINEA L-;TERMINAL EXTRA(20);115;5.00
994;COTO-VERDE-+ LINEA L-;NO EXTRA;115;5.00
995;COTO-VERDE-+ LINEA L-;15%;115;5.00
996;COTO-VERDE-+ LINEA COMPARTIDA-;TERMINAL EXTRA(5);25;5.00
997;COTO-VERDE-+ LINEA COMPARTIDA-;TERMINAL EXTRA(10);25;5.00
998;COTO-VERDE-+ LINEA COMPARTIDA-;TERMINAL EXTRA(20);25;5.00
999;COTO-VERDE-+ LINEA COMPARTIDA-;NO EXTRA;25;5.00
1000;COTO-VERDE-+ LINEA COMPARTIDA-;15%;25;5.00
1001;COTO-VERDE-+ LINEA YU-;TERMINAL EXTRA(5);20;5.00
1002;COTO-VERDE-+ LINEA YU-;TERMINAL EXTRA(10);20;5.00
1003;COTO-VERDE-+ LINEA YU-;TERMINAL EXTRA(20);20;5.00
1004;COTO-VERDE-+ LINEA YU-;NO EXTRA;20;5.00
1005;COTO-VERDE-+ LINEA YU-;15%;20;5.00
1006;COTO-VERDE-ONE MINI S-;TERMINAL EXTRA(5);20;5.00
1007;COTO-VERDE-ONE MINI S-;TERMINAL EXTRA(10);20;5.00
1008;COTO-VERDE-ONE MINI S-;TERMINAL EXTRA(20);20;5.00
1009;COTO-VERDE-ONE MINI S-;NO EXTRA;20;5.00
1010;COTO-VERDE-ONE MINI S-;15%;20;5.00
1011;COTO-VERDE-ONE S-;TERMINAL EXTRA(5);50;5.00
1012;COTO-VERDE-ONE S-;TERMINAL EXTRA(10);50;5.00
1013;COTO-VERDE-ONE S-;TERMINAL EXTRA(20);50;5.00
1014;COTO-VERDE-ONE S-;NO EXTRA;50;5.00
1015;COTO-VERDE-ONE S-;15%;50;5.00
1016;COTO-VERDE-ONE M-;TERMINAL EXTRA(5);80;5.00
1017;COTO-VERDE-ONE M-;TERMINAL EXTRA(10);80;5.00
1018;COTO-VERDE-ONE M-;TERMINAL EXTRA(20);80;5.00
1019;COTO-VERDE-ONE M-;NO EXTRA;80;5.00
1020;COTO-VERDE-ONE M-;15%;80;5.00
1021;COTO-VERDE-ONE L-;TERMINAL EXTRA(5);130;5.00
1022;COTO-VERDE-ONE L-;TERMINAL EXTRA(10);130;5.00
1023;COTO-VERDE-ONE L-;TERMINAL EXTRA(20);130;5.00
1024;COTO-VERDE-ONE L-;NO EXTRA;130;5.00
1025;COTO-VERDE-ONE L-;15%;130;5.00
1026;COTO-VERDE-ONE XL-;TERMINAL EXTRA(5);165;5.00
1027;COTO-VERDE-ONE XL-;TERMINAL EXTRA(10);165;5.00
1028;COTO-VERDE-ONE XL-;TERMINAL EXTRA(20);165;5.00
1029;COTO-VERDE-ONE XL-;NO EXTRA;165;5.00
1030;COTO-VERDE-ONE XL-;15%;165;5.00
1031;COTO-GRIS-MINI VOZ-;TERMINAL EXTRA(5);3;5.00
1032;COTO-GRIS-MINI VOZ-;TERMINAL EXTRA(10);3;5.00
1033;COTO-GRIS-MINI VOZ-;TERMINAL EXTRA(20);3;5.00
1034;COTO-GRIS-MINI VOZ-;NO EXTRA;3;5.00
1035;COTO-GRIS-MINI VOZ-;15%;3;5.00
1036;COTO-GRIS-MINI S-;TERMINAL EXTRA(5);5;5.00
1037;COTO-GRIS-MINI S-;TERMINAL EXTRA(10);5;5.00
1038;COTO-GRIS-MINI S-;TERMINAL EXTRA(20);5;5.00
1039;COTO-GRIS-MINI S-;NO EXTRA;5;5.00
1040;COTO-GRIS-MINI S-;15%;5;5.00
1041;COTO-GRIS-SMART XS-;TERMINAL EXTRA(5);9;5.00
1042;COTO-GRIS-SMART XS-;TERMINAL EXTRA(10);9;5.00
1043;COTO-GRIS-SMART XS-;TERMINAL EXTRA(20);9;5.00
1044;COTO-GRIS-SMART XS-;NO EXTRA;9;5.00
1045;COTO-GRIS-SMART XS-;15%;9;5.00
1046;COTO-GRIS-SMART S-;TERMINAL EXTRA(5);14;5.00
1047;COTO-GRIS-SMART S-;TERMINAL EXTRA(10);14;5.00
1048;COTO-GRIS-SMART S-;TERMINAL EXTRA(20);14;5.00
1049;COTO-GRIS-SMART S-;NO EXTRA;14;5.00
1050;COTO-GRIS-SMART S-;15%;14;5.00
1051;COTO-GRIS-SMART L-;TERMINAL EXTRA(5);17;5.00
1052;COTO-GRIS-SMART L-;TERMINAL EXTRA(10);17;5.00
1053;COTO-GRIS-SMART L-;TERMINAL EXTRA(20);17;5.00
1054;COTO-GRIS-SMART L-;NO EXTRA;17;5.00
1055;COTO-GRIS-SMART L-;15%;17;5.00
1056;COTO-GRIS-MEGAYUSER-;TERMINAL EXTRA(5);9;5.00
1057;COTO-GRIS-MEGAYUSER-;TERMINAL EXTRA(10);9;5.00
1058;COTO-GRIS-MEGAYUSER-;TERMINAL EXTRA(20);9;5.00
1059;COTO-GRIS-MEGAYUSER-;NO EXTRA;9;5.00
1060;COTO-GRIS-MEGAYUSER-;15%;9;5.00
1061;COTO-GRIS-RED M-;TERMINAL EXTRA(5);46;5.00
1062;COTO-GRIS-RED M-;TERMINAL EXTRA(10);46;5.00
1063;COTO-GRIS-RED M-;TERMINAL EXTRA(20);46;5.00
1064;COTO-GRIS-RED M-;NO EXTRA;46;5.00
1065;COTO-GRIS-RED M-;15%;46;5.00
1066;COTO-GRIS-RED M PLUS-;TERMINAL EXTRA(5);63;5.00
1067;COTO-GRIS-RED M PLUS-;TERMINAL EXTRA(10);63;5.00
1068;COTO-GRIS-RED M PLUS-;TERMINAL EXTRA(20);63;5.00
1069;COTO-GRIS-RED M PLUS-;NO EXTRA;63;5.00
1070;COTO-GRIS-RED M PLUS-;15%;63;5.00
1071;COTO-GRIS-RED L-;TERMINAL EXTRA(5);84;5.00
1072;COTO-GRIS-RED L-;TERMINAL EXTRA(10);84;5.00
1073;COTO-GRIS-RED L-;TERMINAL EXTRA(20);84;5.00
1074;COTO-GRIS-RED L-;NO EXTRA;84;5.00
1075;COTO-GRIS-RED L-;15%;84;5.00
1076;COTO-GRIS-RED L PLUS-;TERMINAL EXTRA(5);88;5.00
1077;COTO-GRIS-RED L PLUS-;TERMINAL EXTRA(10);88;5.00
1078;COTO-GRIS-RED L PLUS-;TERMINAL EXTRA(20);88;5.00
1079;COTO-GRIS-RED L PLUS-;NO EXTRA;88;5.00
1080;COTO-GRIS-RED L PLUS-;15%;88;5.00
1081;COTO-GRIS-RED XL-;TERMINAL EXTRA(5);109;5.00
1082;COTO-GRIS-RED XL-;TERMINAL EXTRA(10);109;5.00
1083;COTO-GRIS-RED XL-;TERMINAL EXTRA(20);109;5.00
1084;COTO-GRIS-RED XL-;NO EXTRA;109;5.00
1085;COTO-GRIS-RED XL-;15%;109;5.00
1086;COTO-GRIS-RED XXL-;TERMINAL EXTRA(5);126;5.00
1087;COTO-GRIS-RED XXL-;TERMINAL EXTRA(10);126;5.00
1088;COTO-GRIS-RED XXL-;TERMINAL EXTRA(20);126;5.00
1089;COTO-GRIS-RED XXL-;NO EXTRA;126;5.00
1090;COTO-GRIS-RED XXL-;15%;126;5.00
1091;COTO-GRIS-+ LINEA MINI-;TERMINAL EXTRA(5);3;5.00
1092;COTO-GRIS-+ LINEA MINI-;TERMINAL EXTRA(10);3;5.00
1093;COTO-GRIS-+ LINEA MINI-;TERMINAL EXTRA(20);3;5.00
1094;COTO-GRIS-+ LINEA MINI-;NO EXTRA;3;5.00
1095;COTO-GRIS-+ LINEA MINI-;15%;3;5.00
1096;COTO-GRIS-+ LINEA S-;TERMINAL EXTRA(5);8;5.00
1097;COTO-GRIS-+ LINEA S-;TERMINAL EXTRA(10);8;5.00
1098;COTO-GRIS-+ LINEA S-;TERMINAL EXTRA(20);8;5.00
1099;COTO-GRIS-+ LINEA S-;NO EXTRA;8;5.00
1100;COTO-GRIS-+ LINEA S-;15%;8;5.00
1101;COTO-GRIS-+ LINEA M-;TERMINAL EXTRA(5);46;5.00
1102;COTO-GRIS-+ LINEA M-;TERMINAL EXTRA(10);46;5.00
1103;COTO-GRIS-+ LINEA M-;TERMINAL EXTRA(20);46;5.00
1104;COTO-GRIS-+ LINEA M-;NO EXTRA;46;5.00
1105;COTO-GRIS-+ LINEA M-;15%;46;5.00
1106;COTO-GRIS-+ LINEA L-;TERMINAL EXTRA(5);81;5.00
1107;COTO-GRIS-+ LINEA L-;TERMINAL EXTRA(10);81;5.00
1108;COTO-GRIS-+ LINEA L-;TERMINAL EXTRA(20);81;5.00
1109;COTO-GRIS-+ LINEA L-;NO EXTRA;81;5.00
1110;COTO-GRIS-+ LINEA L-;15%;81;5.00
1111;COTO-GRIS-+ LINEA COMPARTIDA-;TERMINAL EXTRA(5);8;5.00
1112;COTO-GRIS-+ LINEA COMPARTIDA-;TERMINAL EXTRA(10);8;5.00
1113;COTO-GRIS-+ LINEA COMPARTIDA-;TERMINAL EXTRA(20);8;5.00
1114;COTO-GRIS-+ LINEA COMPARTIDA-;NO EXTRA;8;5.00
1115;COTO-GRIS-+ LINEA COMPARTIDA-;15%;8;5.00
1116;COTO-GRIS-+ LINEA YU-;TERMINAL EXTRA(5);6;5.00
1117;COTO-GRIS-+ LINEA YU-;TERMINAL EXTRA(10);6;5.00
1118;COTO-GRIS-+ LINEA YU-;TERMINAL EXTRA(20);6;5.00
1119;COTO-GRIS-+ LINEA YU-;NO EXTRA;6;5.00
1120;COTO-GRIS-+ LINEA YU-;15%;6;5.00
1121;COTO-GRIS-ONE MINI S-;TERMINAL EXTRA(5);6;5.00
1122;COTO-GRIS-ONE MINI S-;TERMINAL EXTRA(10);6;5.00
1123;COTO-GRIS-ONE MINI S-;TERMINAL EXTRA(20);6;5.00
1124;COTO-GRIS-ONE MINI S-;NO EXTRA;6;5.00
1125;COTO-GRIS-ONE MINI S-;15%;6;5.00
1126;COTO-GRIS-ONE S-;TERMINAL EXTRA(5);15;5.00
1127;COTO-GRIS-ONE S-;TERMINAL EXTRA(10);15;5.00
1128;COTO-GRIS-ONE S-;TERMINAL EXTRA(20);15;5.00
1129;COTO-GRIS-ONE S-;NO EXTRA;15;5.00
1130;COTO-GRIS-ONE S-;15%;15;5.00
1131;COTO-GRIS-ONE M-;TERMINAL EXTRA(5);56;5.00
1132;COTO-GRIS-ONE M-;TERMINAL EXTRA(10);56;5.00
1133;COTO-GRIS-ONE M-;TERMINAL EXTRA(20);56;5.00
1134;COTO-GRIS-ONE M-;NO EXTRA;56;5.00
1135;COTO-GRIS-ONE M-;15%;56;5.00
1136;COTO-GRIS-ONE L-;TERMINAL EXTRA(5);91;5.00
1137;COTO-GRIS-ONE L-;TERMINAL EXTRA(10);91;5.00
1138;COTO-GRIS-ONE L-;TERMINAL EXTRA(20);91;5.00
1139;COTO-GRIS-ONE L-;NO EXTRA;91;5.00
1140;COTO-GRIS-ONE L-;15%;91;5.00
1141;COTO-GRIS-ONE XL-;TERMINAL EXTRA(5);116;5.00
1142;COTO-GRIS-ONE XL-;TERMINAL EXTRA(10);116;5.00
1143;COTO-GRIS-ONE XL-;TERMINAL EXTRA(20);116;5.00
1144;COTO-GRIS-ONE XL-;NO EXTRA;116;5.00
1145;COTO-GRIS-ONE XL-;15%;116;5.00
1146;COTO-AMBAR-MINI VOZ-;TERMINAL EXTRA(5);3;5.00
1147;COTO-AMBAR-MINI VOZ-;TERMINAL EXTRA(10);3;5.00
1148;COTO-AMBAR-MINI VOZ-;TERMINAL EXTRA(20);3;5.00
1149;COTO-AMBAR-MINI VOZ-;NO EXTRA;3;5.00
1150;COTO-AMBAR-MINI VOZ-;15%;3;5.00
1151;COTO-AMBAR-MINI S-;TERMINAL EXTRA(5);5;5.00
1152;COTO-AMBAR-MINI S-;TERMINAL EXTRA(10);5;5.00
1153;COTO-AMBAR-MINI S-;TERMINAL EXTRA(20);5;5.00
1154;COTO-AMBAR-MINI S-;NO EXTRA;5;5.00
1155;COTO-AMBAR-MINI S-;15%;5;5.00
1156;COTO-AMBAR-SMART XS-;TERMINAL EXTRA(5);9;5.00
1157;COTO-AMBAR-SMART XS-;TERMINAL EXTRA(10);9;5.00
1158;COTO-AMBAR-SMART XS-;TERMINAL EXTRA(20);9;5.00
1159;COTO-AMBAR-SMART XS-;NO EXTRA;9;5.00
1160;COTO-AMBAR-SMART XS-;15%;9;5.00
1161;COTO-AMBAR-SMART S-;TERMINAL EXTRA(5);14;5.00
1162;COTO-AMBAR-SMART S-;TERMINAL EXTRA(10);14;5.00
1163;COTO-AMBAR-SMART S-;TERMINAL EXTRA(20);14;5.00
1164;COTO-AMBAR-SMART S-;NO EXTRA;14;5.00
1165;COTO-AMBAR-SMART S-;15%;14;5.00
1166;COTO-AMBAR-SMART L-;TERMINAL EXTRA(5);17;5.00
1167;COTO-AMBAR-SMART L-;TERMINAL EXTRA(10);17;5.00
1168;COTO-AMBAR-SMART L-;TERMINAL EXTRA(20);17;5.00
1169;COTO-AMBAR-SMART L-;NO EXTRA;17;5.00
1170;COTO-AMBAR-SMART L-;15%;17;5.00
1171;COTO-AMBAR-MEGAYUSER-;TERMINAL EXTRA(5);9;5.00
1172;COTO-AMBAR-MEGAYUSER-;TERMINAL EXTRA(10);9;5.00
1173;COTO-AMBAR-MEGAYUSER-;TERMINAL EXTRA(20);9;5.00
1174;COTO-AMBAR-MEGAYUSER-;NO EXTRA;9;5.00
1175;COTO-AMBAR-MEGAYUSER-;15%;9;5.00
1176;COTO-AMBAR-RED M-;TERMINAL EXTRA(5);20;5.00
1177;COTO-AMBAR-RED M-;TERMINAL EXTRA(10);20;5.00
1178;COTO-AMBAR-RED M-;TERMINAL EXTRA(20);20;5.00
1179;COTO-AMBAR-RED M-;NO EXTRA;20;5.00
1180;COTO-AMBAR-RED M-;15%;20;5.00
1181;COTO-AMBAR-RED M PLUS-;TERMINAL EXTRA(5);27;5.00
1182;COTO-AMBAR-RED M PLUS-;TERMINAL EXTRA(10);27;5.00
1183;COTO-AMBAR-RED M PLUS-;TERMINAL EXTRA(20);27;5.00
1184;COTO-AMBAR-RED M PLUS-;NO EXTRA;27;5.00
1185;COTO-AMBAR-RED M PLUS-;15%;27;5.00
1186;COTO-AMBAR-RED L-;TERMINAL EXTRA(5);36;5.00
1187;COTO-AMBAR-RED L-;TERMINAL EXTRA(10);36;5.00
1188;COTO-AMBAR-RED L-;TERMINAL EXTRA(20);36;5.00
1189;COTO-AMBAR-RED L-;NO EXTRA;36;5.00
1190;COTO-AMBAR-RED L-;15%;36;5.00
1191;COTO-AMBAR-RED L PLUS-;TERMINAL EXTRA(5);38;5.00
1192;COTO-AMBAR-RED L PLUS-;TERMINAL EXTRA(10);38;5.00
1193;COTO-AMBAR-RED L PLUS-;TERMINAL EXTRA(20);38;5.00
1194;COTO-AMBAR-RED L PLUS-;NO EXTRA;38;5.00
1195;COTO-AMBAR-RED L PLUS-;15%;38;5.00
1196;COTO-AMBAR-RED XL-;TERMINAL EXTRA(5);47;5.00
1197;COTO-AMBAR-RED XL-;TERMINAL EXTRA(10);47;5.00
1198;COTO-AMBAR-RED XL-;TERMINAL EXTRA(20);47;5.00
1199;COTO-AMBAR-RED XL-;NO EXTRA;47;5.00
1200;COTO-AMBAR-RED XL-;15%;47;5.00
1201;COTO-AMBAR-RED XXL-;TERMINAL EXTRA(5);54;5.00
1202;COTO-AMBAR-RED XXL-;TERMINAL EXTRA(10);54;5.00
1203;COTO-AMBAR-RED XXL-;TERMINAL EXTRA(20);54;5.00
1204;COTO-AMBAR-RED XXL-;NO EXTRA;54;5.00
1205;COTO-AMBAR-RED XXL-;15%;54;5.00
1206;COTO-AMBAR-+ LINEA MINI-;TERMINAL EXTRA(5);3;5.00
1207;COTO-AMBAR-+ LINEA MINI-;TERMINAL EXTRA(10);3;5.00
1208;COTO-AMBAR-+ LINEA MINI-;TERMINAL EXTRA(20);3;5.00
1209;COTO-AMBAR-+ LINEA MINI-;NO EXTRA;3;5.00
1210;COTO-AMBAR-+ LINEA MINI-;15%;3;5.00
1211;COTO-AMBAR-+ LINEA S-;TERMINAL EXTRA(5);8;5.00
1212;COTO-AMBAR-+ LINEA S-;TERMINAL EXTRA(10);8;5.00
1213;COTO-AMBAR-+ LINEA S-;TERMINAL EXTRA(20);8;5.00
1214;COTO-AMBAR-+ LINEA S-;NO EXTRA;8;5.00
1215;COTO-AMBAR-+ LINEA S-;15%;8;5.00
1216;COTO-AMBAR-+ LINEA M-;TERMINAL EXTRA(5);20;5.00
1217;COTO-AMBAR-+ LINEA M-;TERMINAL EXTRA(10);20;5.00
1218;COTO-AMBAR-+ LINEA M-;TERMINAL EXTRA(20);20;5.00
1219;COTO-AMBAR-+ LINEA M-;NO EXTRA;20;5.00
1220;COTO-AMBAR-+ LINEA M-;15%;20;5.00
1221;COTO-AMBAR-+ LINEA L-;TERMINAL EXTRA(5);35;5.00
1222;COTO-AMBAR-+ LINEA L-;TERMINAL EXTRA(10);35;5.00
1223;COTO-AMBAR-+ LINEA L-;TERMINAL EXTRA(20);35;5.00
1224;COTO-AMBAR-+ LINEA L-;NO EXTRA;35;5.00
1225;COTO-AMBAR-+ LINEA L-;15%;35;5.00
1226;COTO-AMBAR-+ LINEA COMPARTIDA-;TERMINAL EXTRA(5);8;5.00
1227;COTO-AMBAR-+ LINEA COMPARTIDA-;TERMINAL EXTRA(10);8;5.00
1228;COTO-AMBAR-+ LINEA COMPARTIDA-;TERMINAL EXTRA(20);8;5.00
1229;COTO-AMBAR-+ LINEA COMPARTIDA-;NO EXTRA;8;5.00
1230;COTO-AMBAR-+ LINEA COMPARTIDA-;15%;8;5.00
1231;COTO-AMBAR-+ LINEA YU-;TERMINAL EXTRA(5);6;5.00
1232;COTO-AMBAR-+ LINEA YU-;TERMINAL EXTRA(10);6;5.00
1233;COTO-AMBAR-+ LINEA YU-;TERMINAL EXTRA(20);6;5.00
1234;COTO-AMBAR-+ LINEA YU-;NO EXTRA;6;5.00
1235;COTO-AMBAR-+ LINEA YU-;15%;6;5.00
1236;COTO-AMBAR-ONE MINI S-;TERMINAL EXTRA(5);6;5.00
1237;COTO-AMBAR-ONE MINI S-;TERMINAL EXTRA(10);6;5.00
1238;COTO-AMBAR-ONE MINI S-;TERMINAL EXTRA(20);6;5.00
1239;COTO-AMBAR-ONE MINI S-;NO EXTRA;6;5.00
1240;COTO-AMBAR-ONE MINI S-;15%;6;5.00
1241;COTO-AMBAR-ONE S-;TERMINAL EXTRA(5);15;5.00
1242;COTO-AMBAR-ONE S-;TERMINAL EXTRA(10);15;5.00
1243;COTO-AMBAR-ONE S-;TERMINAL EXTRA(20);15;5.00
1244;COTO-AMBAR-ONE S-;NO EXTRA;15;5.00
1245;COTO-AMBAR-ONE S-;15%;15;5.00
1246;COTO-AMBAR-ONE M-;TERMINAL EXTRA(5);24;5.00
1247;COTO-AMBAR-ONE M-;TERMINAL EXTRA(10);24;5.00
1248;COTO-AMBAR-ONE M-;TERMINAL EXTRA(20);24;5.00
1249;COTO-AMBAR-ONE M-;NO EXTRA;24;5.00
1250;COTO-AMBAR-ONE M-;15%;24;5.00
1251;COTO-AMBAR-ONE L-;TERMINAL EXTRA(5);39;5.00
1252;COTO-AMBAR-ONE L-;TERMINAL EXTRA(10);39;5.00
1253;COTO-AMBAR-ONE L-;TERMINAL EXTRA(20);39;5.00
1254;COTO-AMBAR-ONE L-;NO EXTRA;39;5.00
1255;COTO-AMBAR-ONE L-;15%;39;5.00
1256;COTO-AMBAR-ONE XL-;TERMINAL EXTRA(5);50;5.00
1257;COTO-AMBAR-ONE XL-;TERMINAL EXTRA(10);50;5.00
1258;COTO-AMBAR-ONE XL-;TERMINAL EXTRA(20);50;5.00
1259;COTO-AMBAR-ONE XL-;NO EXTRA;50;5.00
1260;COTO-AMBAR-ONE XL-;15%;50;5.00
1261;COTO-NO RECO-MINI VOZ-;TERMINAL EXTRA(5);3;5.00
1262;COTO-NO RECO-MINI VOZ-;TERMINAL EXTRA(10);3;5.00
1263;COTO-NO RECO-MINI VOZ-;TERMINAL EXTRA(20);3;5.00
1264;COTO-NO RECO-MINI VOZ-;NO EXTRA;3;5.00
1265;COTO-NO RECO-MINI VOZ-;15%;3;5.00
1266;COTO-NO RECO-MINI S-;TERMINAL EXTRA(5);5;5.00
1267;COTO-NO RECO-MINI S-;TERMINAL EXTRA(10);5;5.00
1268;COTO-NO RECO-MINI S-;TERMINAL EXTRA(20);5;5.00
1269;COTO-NO RECO-MINI S-;NO EXTRA;5;5.00
1270;COTO-NO RECO-MINI S-;15%;5;5.00
1271;COTO-NO RECO-SMART XS-;TERMINAL EXTRA(5);9;5.00
1272;COTO-NO RECO-SMART XS-;TERMINAL EXTRA(10);9;5.00
1273;COTO-NO RECO-SMART XS-;TERMINAL EXTRA(20);9;5.00
1274;COTO-NO RECO-SMART XS-;NO EXTRA;9;5.00
1275;COTO-NO RECO-SMART XS-;15%;9;5.00
1276;COTO-NO RECO-SMART S-;TERMINAL EXTRA(5);14;5.00
1277;COTO-NO RECO-SMART S-;TERMINAL EXTRA(10);14;5.00
1278;COTO-NO RECO-SMART S-;TERMINAL EXTRA(20);14;5.00
1279;COTO-NO RECO-SMART S-;NO EXTRA;14;5.00
1280;COTO-NO RECO-SMART S-;15%;14;5.00
1281;COTO-NO RECO-SMART L-;TERMINAL EXTRA(5);17;5.00
1282;COTO-NO RECO-SMART L-;TERMINAL EXTRA(10);17;5.00
1283;COTO-NO RECO-SMART L-;TERMINAL EXTRA(20);17;5.00
1284;COTO-NO RECO-SMART L-;NO EXTRA;17;5.00
1285;COTO-NO RECO-SMART L-;15%;17;5.00
1286;COTO-NO RECO-MEGAYUSER-;TERMINAL EXTRA(5);9;5.00
1287;COTO-NO RECO-MEGAYUSER-;TERMINAL EXTRA(10);9;5.00
1288;COTO-NO RECO-MEGAYUSER-;TERMINAL EXTRA(20);9;5.00
1289;COTO-NO RECO-MEGAYUSER-;NO EXTRA;9;5.00
1290;COTO-NO RECO-MEGAYUSER-;15%;9;5.00
1291;COTO-NO RECO-RED M-;TERMINAL EXTRA(5);20;5.00
1292;COTO-NO RECO-RED M-;TERMINAL EXTRA(10);20;5.00
1293;COTO-NO RECO-RED M-;TERMINAL EXTRA(20);20;5.00
1294;COTO-NO RECO-RED M-;NO EXTRA;20;5.00
1295;COTO-NO RECO-RED M-;15%;20;5.00
1296;COTO-NO RECO-RED M PLUS-;TERMINAL EXTRA(5);27;5.00
1297;COTO-NO RECO-RED M PLUS-;TERMINAL EXTRA(10);27;5.00
1298;COTO-NO RECO-RED M PLUS-;TERMINAL EXTRA(20);27;5.00
1299;COTO-NO RECO-RED M PLUS-;NO EXTRA;27;5.00
1300;COTO-NO RECO-RED M PLUS-;15%;27;5.00
1301;COTO-NO RECO-RED L-;TERMINAL EXTRA(5);36;5.00
1302;COTO-NO RECO-RED L-;TERMINAL EXTRA(10);36;5.00
1303;COTO-NO RECO-RED L-;TERMINAL EXTRA(20);36;5.00
1304;COTO-NO RECO-RED L-;NO EXTRA;36;5.00
1305;COTO-NO RECO-RED L-;15%;36;5.00
1306;COTO-NO RECO-RED L PLUS-;TERMINAL EXTRA(5);38;5.00
1307;COTO-NO RECO-RED L PLUS-;TERMINAL EXTRA(10);38;5.00
1308;COTO-NO RECO-RED L PLUS-;TERMINAL EXTRA(20);38;5.00
1309;COTO-NO RECO-RED L PLUS-;NO EXTRA;38;5.00
1310;COTO-NO RECO-RED L PLUS-;15%;38;5.00
1311;COTO-NO RECO-RED XL-;TERMINAL EXTRA(5);47;5.00
1312;COTO-NO RECO-RED XL-;TERMINAL EXTRA(10);47;5.00
1313;COTO-NO RECO-RED XL-;TERMINAL EXTRA(20);47;5.00
1314;COTO-NO RECO-RED XL-;NO EXTRA;47;5.00
1315;COTO-NO RECO-RED XL-;15%;47;5.00
1316;COTO-NO RECO-RED XXL-;TERMINAL EXTRA(5);54;5.00
1317;COTO-NO RECO-RED XXL-;TERMINAL EXTRA(10);54;5.00
1318;COTO-NO RECO-RED XXL-;TERMINAL EXTRA(20);54;5.00
1319;COTO-NO RECO-RED XXL-;NO EXTRA;54;5.00
1320;COTO-NO RECO-RED XXL-;15%;54;5.00
1321;COTO-NO RECO-+ LINEA MINI-;TERMINAL EXTRA(5);3;5.00
1322;COTO-NO RECO-+ LINEA MINI-;TERMINAL EXTRA(10);3;5.00
1323;COTO-NO RECO-+ LINEA MINI-;TERMINAL EXTRA(20);3;5.00
1324;COTO-NO RECO-+ LINEA MINI-;NO EXTRA;3;5.00
1325;COTO-NO RECO-+ LINEA MINI-;15%;3;5.00
1326;COTO-NO RECO-+ LINEA S-;TERMINAL EXTRA(5);8;5.00
1327;COTO-NO RECO-+ LINEA S-;TERMINAL EXTRA(10);8;5.00
1328;COTO-NO RECO-+ LINEA S-;TERMINAL EXTRA(20);8;5.00
1329;COTO-NO RECO-+ LINEA S-;NO EXTRA;8;5.00
1330;COTO-NO RECO-+ LINEA S-;15%;8;5.00
1331;COTO-NO RECO-+ LINEA M-;TERMINAL EXTRA(5);20;5.00
1332;COTO-NO RECO-+ LINEA M-;TERMINAL EXTRA(10);20;5.00
1333;COTO-NO RECO-+ LINEA M-;TERMINAL EXTRA(20);20;5.00
1334;COTO-NO RECO-+ LINEA M-;NO EXTRA;20;5.00
1335;COTO-NO RECO-+ LINEA M-;15%;20;5.00
1336;COTO-NO RECO-+ LINEA L-;TERMINAL EXTRA(5);35;5.00
1337;COTO-NO RECO-+ LINEA L-;TERMINAL EXTRA(10);35;5.00
1338;COTO-NO RECO-+ LINEA L-;TERMINAL EXTRA(20);35;5.00
1339;COTO-NO RECO-+ LINEA L-;NO EXTRA;35;5.00
1340;COTO-NO RECO-+ LINEA L-;15%;35;5.00
1341;COTO-NO RECO-+ LINEA COMPARTIDA-;TERMINAL EXTRA(5);8;5.00
1342;COTO-NO RECO-+ LINEA COMPARTIDA-;TERMINAL EXTRA(10);8;5.00
1343;COTO-NO RECO-+ LINEA COMPARTIDA-;TERMINAL EXTRA(20);8;5.00
1344;COTO-NO RECO-+ LINEA COMPARTIDA-;NO EXTRA;8;5.00
1345;COTO-NO RECO-+ LINEA COMPARTIDA-;15%;8;5.00
1346;COTO-NO RECO-+ LINEA YU-;TERMINAL EXTRA(5);6;5.00
1347;COTO-NO RECO-+ LINEA YU-;TERMINAL EXTRA(10);6;5.00
1348;COTO-NO RECO-+ LINEA YU-;TERMINAL EXTRA(20);6;5.00
1349;COTO-NO RECO-+ LINEA YU-;NO EXTRA;6;5.00
1350;COTO-NO RECO-+ LINEA YU-;15%;6;5.00
1351;COTO-NO RECO-ONE MINI S-;TERMINAL EXTRA(5);6;5.00
1352;COTO-NO RECO-ONE MINI S-;TERMINAL EXTRA(10);6;5.00
1353;COTO-NO RECO-ONE MINI S-;TERMINAL EXTRA(20);6;5.00
1354;COTO-NO RECO-ONE MINI S-;NO EXTRA;6;5.00
1355;COTO-NO RECO-ONE MINI S-;15%;6;5.00
1356;COTO-NO RECO-ONE S-;TERMINAL EXTRA(5);15;5.00
1357;COTO-NO RECO-ONE S-;TERMINAL EXTRA(10);15;5.00
1358;COTO-NO RECO-ONE S-;TERMINAL EXTRA(20);15;5.00
1359;COTO-NO RECO-ONE S-;NO EXTRA;15;5.00
1360;COTO-NO RECO-ONE S-;15%;15;5.00
1361;COTO-NO RECO-ONE M-;TERMINAL EXTRA(5);24;5.00
1362;COTO-NO RECO-ONE M-;TERMINAL EXTRA(10);24;5.00
1363;COTO-NO RECO-ONE M-;TERMINAL EXTRA(20);24;5.00
1364;COTO-NO RECO-ONE M-;NO EXTRA;24;5.00
1365;COTO-NO RECO-ONE M-;15%;24;5.00
1366;COTO-NO RECO-ONE L-;TERMINAL EXTRA(5);39;5.00
1367;COTO-NO RECO-ONE L-;TERMINAL EXTRA(10);39;5.00
1368;COTO-NO RECO-ONE L-;TERMINAL EXTRA(20);39;5.00
1369;COTO-NO RECO-ONE L-;NO EXTRA;39;5.00
1370;COTO-NO RECO-ONE L-;15%;39;5.00
1371;COTO-NO RECO-ONE XL-;TERMINAL EXTRA(5);50;5.00
1372;COTO-NO RECO-ONE XL-;TERMINAL EXTRA(10);50;5.00
1373;COTO-NO RECO-ONE XL-;TERMINAL EXTRA(20);50;5.00
1374;COTO-NO RECO-ONE XL-;NO EXTRA;50;5.00
1375;COTO-NO RECO-ONE XL-;15%;50;5.00
1376;COTO-ROJO-MINI VOZ-;TERMINAL EXTRA(5);2;5.00
1377;COTO-ROJO-MINI VOZ-;TERMINAL EXTRA(10);2;5.00
1378;COTO-ROJO-MINI VOZ-;TERMINAL EXTRA(20);2;5.00
1379;COTO-ROJO-MINI VOZ-;NO EXTRA;2;5.00
1380;COTO-ROJO-MINI VOZ-;15%;2;5.00
1381;COTO-ROJO-MINI S-;TERMINAL EXTRA(5);2;5.00
1382;COTO-ROJO-MINI S-;TERMINAL EXTRA(10);2;5.00
1383;COTO-ROJO-MINI S-;TERMINAL EXTRA(20);2;5.00
1384;COTO-ROJO-MINI S-;NO EXTRA;2;5.00
1385;COTO-ROJO-MINI S-;15%;2;5.00
1386;COTO-ROJO-SMART XS-;TERMINAL EXTRA(5);4;5.00
1387;COTO-ROJO-SMART XS-;TERMINAL EXTRA(10);4;5.00
1388;COTO-ROJO-SMART XS-;TERMINAL EXTRA(20);4;5.00
1389;COTO-ROJO-SMART XS-;NO EXTRA;4;5.00
1390;COTO-ROJO-SMART XS-;15%;4;5.00
1391;COTO-ROJO-SMART S-;TERMINAL EXTRA(5);6;5.00
1392;COTO-ROJO-SMART S-;TERMINAL EXTRA(10);6;5.00
1393;COTO-ROJO-SMART S-;TERMINAL EXTRA(20);6;5.00
1394;COTO-ROJO-SMART S-;NO EXTRA;6;5.00
1395;COTO-ROJO-SMART S-;15%;6;5.00
1396;COTO-ROJO-SMART L-;TERMINAL EXTRA(5);7;5.00
1397;COTO-ROJO-SMART L-;TERMINAL EXTRA(10);7;5.00
1398;COTO-ROJO-SMART L-;TERMINAL EXTRA(20);7;5.00
1399;COTO-ROJO-SMART L-;NO EXTRA;7;5.00
1400;COTO-ROJO-SMART L-;15%;7;5.00
1401;COTO-ROJO-MEGAYUSER-;TERMINAL EXTRA(5);4;5.00
1402;COTO-ROJO-MEGAYUSER-;TERMINAL EXTRA(10);4;5.00
1403;COTO-ROJO-MEGAYUSER-;TERMINAL EXTRA(20);4;5.00
1404;COTO-ROJO-MEGAYUSER-;NO EXTRA;4;5.00
1405;COTO-ROJO-MEGAYUSER-;15%;4;5.00
1406;COTO-ROJO-RED M-;TERMINAL EXTRA(5);8;5.00
1407;COTO-ROJO-RED M-;TERMINAL EXTRA(10);8;5.00
1408;COTO-ROJO-RED M-;TERMINAL EXTRA(20);8;5.00
1409;COTO-ROJO-RED M-;NO EXTRA;8;5.00
1410;COTO-ROJO-RED M-;15%;8;5.00
1411;COTO-ROJO-RED M PLUS-;TERMINAL EXTRA(5);11;5.00
1412;COTO-ROJO-RED M PLUS-;TERMINAL EXTRA(10);11;5.00
1413;COTO-ROJO-RED M PLUS-;TERMINAL EXTRA(20);11;5.00
1414;COTO-ROJO-RED M PLUS-;NO EXTRA;11;5.00
1415;COTO-ROJO-RED M PLUS-;15%;11;5.00
1416;COTO-ROJO-RED L-;TERMINAL EXTRA(5);15;5.00
1417;COTO-ROJO-RED L-;TERMINAL EXTRA(10);15;5.00
1418;COTO-ROJO-RED L-;TERMINAL EXTRA(20);15;5.00
1419;COTO-ROJO-RED L-;NO EXTRA;15;5.00
1420;COTO-ROJO-RED L-;15%;15;5.00
1421;COTO-ROJO-RED L PLUS-;TERMINAL EXTRA(5);15;5.00
1422;COTO-ROJO-RED L PLUS-;TERMINAL EXTRA(10);15;5.00
1423;COTO-ROJO-RED L PLUS-;TERMINAL EXTRA(20);15;5.00
1424;COTO-ROJO-RED L PLUS-;NO EXTRA;15;5.00
1425;COTO-ROJO-RED L PLUS-;15%;15;5.00
1426;COTO-ROJO-RED XL-;TERMINAL EXTRA(5);19;5.00
1427;COTO-ROJO-RED XL-;TERMINAL EXTRA(10);19;5.00
1428;COTO-ROJO-RED XL-;TERMINAL EXTRA(20);19;5.00
1429;COTO-ROJO-RED XL-;NO EXTRA;19;5.00
1430;COTO-ROJO-RED XL-;15%;19;5.00
1431;COTO-ROJO-RED XXL-;TERMINAL EXTRA(5);22;5.00
1432;COTO-ROJO-RED XXL-;TERMINAL EXTRA(10);22;5.00
1433;COTO-ROJO-RED XXL-;TERMINAL EXTRA(20);22;5.00
1434;COTO-ROJO-RED XXL-;NO EXTRA;22;5.00
1435;COTO-ROJO-RED XXL-;15%;22;5.00
1436;COTO-ROJO-+ LINEA MINI-;TERMINAL EXTRA(5);2;5.00
1437;COTO-ROJO-+ LINEA MINI-;TERMINAL EXTRA(10);2;5.00
1438;COTO-ROJO-+ LINEA MINI-;TERMINAL EXTRA(20);2;5.00
1439;COTO-ROJO-+ LINEA MINI-;NO EXTRA;2;5.00
1440;COTO-ROJO-+ LINEA MINI-;15%;2;5.00
1441;COTO-ROJO-+ LINEA S-;TERMINAL EXTRA(5);3;5.00
1442;COTO-ROJO-+ LINEA S-;TERMINAL EXTRA(10);3;5.00
1443;COTO-ROJO-+ LINEA S-;TERMINAL EXTRA(20);3;5.00
1444;COTO-ROJO-+ LINEA S-;NO EXTRA;3;5.00
1445;COTO-ROJO-+ LINEA S-;15%;3;5.00
1446;COTO-ROJO-+ LINEA M-;TERMINAL EXTRA(5);8;5.00
1447;COTO-ROJO-+ LINEA M-;TERMINAL EXTRA(10);8;5.00
1448;COTO-ROJO-+ LINEA M-;TERMINAL EXTRA(20);8;5.00
1449;COTO-ROJO-+ LINEA M-;NO EXTRA;8;5.00
1450;COTO-ROJO-+ LINEA M-;15%;8;5.00
1451;COTO-ROJO-+ LINEA L-;TERMINAL EXTRA(5);14;5.00
1452;COTO-ROJO-+ LINEA L-;TERMINAL EXTRA(10);14;5.00
1453;COTO-ROJO-+ LINEA L-;TERMINAL EXTRA(20);14;5.00
1454;COTO-ROJO-+ LINEA L-;NO EXTRA;14;5.00
1455;COTO-ROJO-+ LINEA L-;15%;14;5.00
1456;COTO-ROJO-+ LINEA COMPARTIDA-;TERMINAL EXTRA(5);3;5.00
1457;COTO-ROJO-+ LINEA COMPARTIDA-;TERMINAL EXTRA(10);3;5.00
1458;COTO-ROJO-+ LINEA COMPARTIDA-;TERMINAL EXTRA(20);3;5.00
1459;COTO-ROJO-+ LINEA COMPARTIDA-;NO EXTRA;3;5.00
1460;COTO-ROJO-+ LINEA COMPARTIDA-;15%;3;5.00
1461;COTO-ROJO-+ LINEA YU-;TERMINAL EXTRA(5);3;5.00
1462;COTO-ROJO-+ LINEA YU-;TERMINAL EXTRA(10);3;5.00
1463;COTO-ROJO-+ LINEA YU-;TERMINAL EXTRA(20);3;5.00
1464;COTO-ROJO-+ LINEA YU-;NO EXTRA;3;5.00
1465;COTO-ROJO-+ LINEA YU-;15%;3;5.00
1466;COTO-ROJO-ONE MINI S-;TERMINAL EXTRA(5);3;5.00
1467;COTO-ROJO-ONE MINI S-;TERMINAL EXTRA(10);3;5.00
1468;COTO-ROJO-ONE MINI S-;TERMINAL EXTRA(20);3;5.00
1469;COTO-ROJO-ONE MINI S-;NO EXTRA;3;5.00
1470;COTO-ROJO-ONE MINI S-;15%;3;5.00
1471;COTO-ROJO-ONE S-;TERMINAL EXTRA(5);6;5.00
1472;COTO-ROJO-ONE S-;TERMINAL EXTRA(10);6;5.00
1473;COTO-ROJO-ONE S-;TERMINAL EXTRA(20);6;5.00
1474;COTO-ROJO-ONE S-;NO EXTRA;6;5.00
1475;COTO-ROJO-ONE S-;15%;6;5.00
1476;COTO-ROJO-ONE M-;TERMINAL EXTRA(5);6;5.00
1477;COTO-ROJO-ONE M-;TERMINAL EXTRA(10);6;5.00
1478;COTO-ROJO-ONE M-;TERMINAL EXTRA(20);6;5.00
1479;COTO-ROJO-ONE M-;NO EXTRA;6;5.00
1480;COTO-ROJO-ONE M-;15%;6;5.00
1481;COTO-ROJO-ONE L-;TERMINAL EXTRA(5);16;5.00
1482;COTO-ROJO-ONE L-;TERMINAL EXTRA(10);16;5.00
1483;COTO-ROJO-ONE L-;TERMINAL EXTRA(20);16;5.00
1484;COTO-ROJO-ONE L-;NO EXTRA;16;5.00
1485;COTO-ROJO-ONE L-;15%;16;5.00
1486;COTO-ROJO-ONE XL-;TERMINAL EXTRA(5);20;5.00
1487;COTO-ROJO-ONE XL-;TERMINAL EXTRA(10);20;5.00
1488;COTO-ROJO-ONE XL-;TERMINAL EXTRA(20);20;5.00
1489;COTO-ROJO-ONE XL-;NO EXTRA;20;5.00
1490;COTO-ROJO-ONE XL-;15%;20;5.00
1515;VODAFONE FIJO-;HOME ZONE;25;20.00
1516;VODAFONE FIJO-;HOME ZONE + 50GB;25;20.00
1517;VODAFONE FIJO-;TARIFA;25;20.00
1519;TV-;ESSENCIAL;12;20.00
1520;TV-;TOTAL;12;20.00
1521;TV-;FUTBOL;18;20.00
1535;FIJO-NUEVO-FIBRA ONO-;1GB;125;60.00
1536;FIJO-NUEVO-FIBRA ONO-;300MB;110;60.00
1537;FIJO-NUEVO-FIBRA ONO-;120MB;90;60.00
1538;FIJO-NUEVO-FIBRA ONO-;50MB;60;40.00
1539;FIJO-NUEVO-FIBRA NEBA-;1GB;125;60.00
1540;FIJO-NUEVO-FIBRA NEBA-;300MB;110;60.00
1541;FIJO-NUEVO-FIBRA NEBA-;120MB;90;60.00
1542;FIJO-NUEVO-FIBRA NEBA-;50MB;60;40.00
1543;FIJO-PORTA-FIBRA ONO-;1GB;60;60.00
1544;FIJO-PORTA-FIBRA ONO-;300MB;45;60.00
1545;FIJO-PORTA-FIBRA ONO-;120MB;30;60.00
1546;FIJO-PORTA-FIBRA ONO-;50MB;25;40.00
1547;FIJO-PORTA-FIBRA NEBA-;1GB;60;60.00
1548;FIJO-PORTA-FIBRA NEBA-;300MB;45;60.00
1549;FIJO-PORTA-FIBRA NEBA-;120MB;30;60.00
1550;FIJO-PORTA-FIBRA NEBA-;50MB;25;40.00
1551;FIJO-MIGRA-FIBRA ONO-;1GB;60;60.00
1552;FIJO-MIGRA-FIBRA ONO-;300MB;45;60.00
1553;FIJO-MIGRA-FIBRA ONO-;120MB;30;60.00
1554;FIJO-MIGRA-FIBRA ONO-;50MB;25;40.00
1555;FIJO-MIGRA-FIBRA NEBA-;1GB;60;60.00
1556;FIJO-MIGRA-FIBRA NEBA-;300MB;45;60.00
1557;FIJO-MIGRA-FIBRA NEBA-;120MB;30;60.00
1558;FIJO-MIGRA-FIBRA NEBA-;50MB;25;40.00
1559;FIJO-NUEVO-ADSL-;DIRECTO;60;40.00
1561;FIJO-NUEVO-ADSL-;INDIRECTO;30;40.00
1562;FIJO-PORTA-ADSL-;DIRECTO;1;40.00
1564;FIJO-PORTA-ADSL-;INDIRECTO;1;40.00
1565;FIJO-MIGRA-ADSL-;DIRECTO;1;40.00
1567;FIJO-MIGRA-ADSL-;INDIRECTO;1;40.00
1568;PASS-;VIDEO PASS;3;10.00
1569;PASS-;SOCIAL PASS;3;0.00
1570;PASS-;MUSIC PASS;3;0.00
1571;PASS-;MAPS PASS;3;0.00
1574;SEGURO-TOTAL-;STANDARD;1;5.00
1575;SEGURO-TOTAL-;ADVANCED;1;5.00
1576;SEGURO-TOTAL-;PREMIUM;1;5.00
1577;SEGURO-TOTAL-;TOP;1;5.00
1578;SEGURO-ACCIDENTAL-;STANDARD;1;5.00
1579;SEGURO-ACCIDENTAL-;ADVANCED;1;5.00
1580;SEGURO-ACCIDENTAL-;PREMIUM;1;5.00
1581;SEGURO-ACCIDENTAL-;TOP;1;5.00
1582;IOT-;V PET;3;5.00
1583;IOT-;V BAG;3;5.00
1584;IOT-;V CAMERA;3;5.00
1585;IOT-;V AUTO;3;5.00
1586;IOT-;V SIM;3;5.00
1587;PREPAGO-;MEGAYUSER;2;10
1588;PREPAGO-;SUPERYUSER;2;10
1589;PREPAGO-;YUSER;2;10
1590;PREPAGO-;VODAFONE FACIL;2;10
1591;PREPAGO-;VODAFONE INTERNACIONAL;2;10
1592;PREPAGO-;VODAFONE IN SPAIN;2;10
1593;ACCESORIOS-;IMPORTE EN â‚¬;1;0.00
1779;ALTA-NUEVA-MINI VOZ-;SIMONLY;1;30.00
1781;ALTA-NUEVA-MINI S-;SIMONLY;5;30.00
1783;ALTA-NUEVA-+ LINEA MINI XS-;SIMONLY;1;0.00
1785;ALTA-NUEVA-SMART S-;SIMONLY;10;45.00
1787;ALTA-NUEVA-MEGAYUSER-;SIMONLY;8;30.00
1789;ALTA-NUEVA-+ LINEA S-;SIMONLY;15;30.00
1791;ALTA-NUEVA-+ LINEA COMPARTIDA-;SIMONLY;15;30.00
1793;ALTA-NUEVA-+ LINEA M-;SIMONLY;15;45.00
1795;ALTA-NUEVA-+ LINEA L-;SIMONLY;15;45.00
1797;ALTA-NUEVA-RED M-;SIMONLY;20;60.00
1799;ALTA-NUEVA-RED L-;SIMONLY;30;70.00
1801;ALTA-NUEVA-ONE MINI S-;SIMONLY;15;30.00
1803;ALTA-NUEVA-ONE S LIGHT-;SIMONLY;17;30.00
1805;ALTA-NUEVA-ONE S-;SIMONLY;35;45.00
1807;ALTA-NUEVA-ONE M-;SIMONLY;60;60.00
1809;ALTA-NUEVA-ONE L-;SIMONLY;95;70.00
1811;ALTA-MIGRA-MINI VOZ-;SIMONLY;1;30.00
1813;ALTA-MIGRA-MINI S-;SIMONLY;5;30.00
1815;ALTA-MIGRA-+ LINEA MINI XS-;SIMONLY;1;0.00
1817;ALTA-MIGRA-SMART S-;SIMONLY;10;45.00
1819;ALTA-MIGRA-MEGAYUSER-;SIMONLY;8;30.00
1821;ALTA-MIGRA-+ LINEA S-;SIMONLY;10;30.00
1823;ALTA-MIGRA-+ LINEA COMPARTIDA-;SIMONLY;10;30.00
1825;ALTA-MIGRA-+ LINEA M-;SIMONLY;10;45.00
1827;ALTA-MIGRA-+ LINEA L-;SIMONLY;10;45.00
1829;ALTA-MIGRA-RED M-;SIMONLY;10;60.00
1831;ALTA-MIGRA-RED L-;SIMONLY;10;70.00
1833;ALTA-MIGRA-ONE MINI S-;SIMONLY;15;30.00
1835;ALTA-MIGRA-ONE S LIGHT-;SIMONLY;17;30.00
1837;ALTA-MIGRA-ONE S-;SIMONLY;35;45.00
1839;ALTA-MIGRA-ONE M-;SIMONLY;35;60.00
1841;ALTA-MIGRA-ONE L-;SIMONLY;35;70.00
1843;ALTA-PORTA POSPAGO-MINI VOZ-;SIMONLY;1;30.00
1845;ALTA-PORTA POSPAGO-MINI S-;SIMONLY;5;30.00
1847;ALTA-PORTA POSPAGO-+ LINEA MINI XS-;SIMONLY;1;0.00
1849;ALTA-PORTA POSPAGO-SMART S-;SIMONLY;10;45.00
1851;ALTA-PORTA POSPAGO-MEGAYUSER-;SIMONLY;8;30.00
1853;ALTA-PORTA POSPAGO-+ LINEA S-;SIMONLY;15;30.00
1855;ALTA-PORTA POSPAGO-+ LINEA COMPARTIDA-;SIMONLY;15;30.00
1857;ALTA-PORTA POSPAGO-+ LINEA M-;SIMONLY;15;45.00
1859;ALTA-PORTA POSPAGO-+ LINEA L-;SIMONLY;20;45.00
1861;ALTA-PORTA POSPAGO-RED M-;SIMONLY;20;60.00
1863;ALTA-PORTA POSPAGO-RED L-;SIMONLY;30;70.00
1865;ALTA-PORTA POSPAGO-ONE MINI S-;SIMONLY;15;30.00
1867;ALTA-PORTA POSPAGO-ONE S LIGHT-;SIMONLY;17;30.00
1869;ALTA-PORTA POSPAGO-ONE S-;SIMONLY;35;45.00
1871;ALTA-PORTA POSPAGO-ONE M-;SIMONLY;60;60.00
1873;ALTA-PORTA POSPAGO-ONE L-;SIMONLY;95;70.00
1875;ALTA-PORTA PREPAGO-MINI VOZ-;SIMONLY;1;30.00
1877;ALTA-PORTA PREPAGO-MINI S-;SIMONLY;5;30.00
1879;ALTA-PORTA PREPAGO-+ LINEA MINI XS-;SIMONLY;1;0.00
1881;ALTA-PORTA PREPAGO-SMART S-;SIMONLY;10;45.00
1883;ALTA-PORTA PREPAGO-MEGAYUSER-;SIMONLY;8;30.00
1885;ALTA-PORTA PREPAGO-+ LINEA S-;SIMONLY;15;30.00
1887;ALTA-PORTA PREPAGO-+ LINEA COMPARTIDA-;SIMONLY;15;30.00
1889;ALTA-PORTA PREPAGO-+ LINEA M-;SIMONLY;15;45.00
1891;ALTA-PORTA PREPAGO-+ LINEA L-;SIMONLY;15;45.00
1893;ALTA-PORTA PREPAGO-RED M-;SIMONLY;20;60.00
1895;ALTA-PORTA PREPAGO-RED L-;SIMONLY;30;70.00
1897;ALTA-PORTA PREPAGO-ONE MINI S-;SIMONLY;15;30.00
1899;ALTA-PORTA PREPAGO-ONE S LIGHT-;SIMONLY;17;30.00
1901;ALTA-PORTA PREPAGO-ONE S-;SIMONLY;35;45.00
1903;ALTA-PORTA PREPAGO-ONE M-;SIMONLY;60;60.00
1905;ALTA-PORTA PREPAGO-ONE L-;SIMONLY;95;70.00
1906;ALTA-NUEVA-MINI VOZ-PERMANENCIA-;NO EXTRA;10;30.00
1907;ALTA-NUEVA-MINI VOZ-PERMANENCIA-;EXTRACOMISIONADO 5;10;30.00
1908;ALTA-NUEVA-MINI VOZ-PERMANENCIA-;EXTRACOMISIONADO 10;10;30.00
1909;ALTA-NUEVA-MINI VOZ-PERMANENCIA-;EXTRACOMISIONADO 20;10;30.00
1910;ALTA-NUEVA-MINI S-PERMANENCIA-;NO EXTRA;15;30.00
1911;ALTA-NUEVA-MINI S-PERMANENCIA-;EXTRACOMISIONADO 5;15;30.00
1912;ALTA-NUEVA-MINI S-PERMANENCIA-;EXTRACOMISIONADO 10;15;30.00
1913;ALTA-NUEVA-MINI S-PERMANENCIA-;EXTRACOMISIONADO 20;15;30.00
1914;ALTA-NUEVA-+ LINEA MINI XS-PERMANENCIA-;NO EXTRA;5;0.00
1915;ALTA-NUEVA-+ LINEA MINI XS-PERMANENCIA-;EXTRACOMISIONADO 5;5;0.00
1916;ALTA-NUEVA-+ LINEA MINI XS-PERMANENCIA-;EXTRACOMISIONADO 10;5;0.00
1917;ALTA-NUEVA-+ LINEA MINI XS-PERMANENCIA-;EXTRACOMISIONADO 20;5;0.00
1918;ALTA-NUEVA-SMART S-PERMANENCIA-;NO EXTRA;45;45.00
1919;ALTA-NUEVA-SMART S-PERMANENCIA-;EXTRACOMISIONADO 5;45;45.00
1920;ALTA-NUEVA-SMART S-PERMANENCIA-;EXTRACOMISIONADO 10;45;45.00
1921;ALTA-NUEVA-SMART S-PERMANENCIA-;EXTRACOMISIONADO 20;45;45.00
1922;ALTA-NUEVA-MEGAYUSER-PERMANENCIA-;NO EXTRA;30;30.00
1923;ALTA-NUEVA-MEGAYUSER-PERMANENCIA-;EXTRACOMISIONADO 5;30;30.00
1924;ALTA-NUEVA-MEGAYUSER-PERMANENCIA-;EXTRACOMISIONADO 10;30;30.00
1925;ALTA-NUEVA-MEGAYUSER-PERMANENCIA-;EXTRACOMISIONADO 20;30;30.00
1926;ALTA-NUEVA-+ LINEA S-PERMANENCIA-;NO EXTRA;25;30.00
1927;ALTA-NUEVA-+ LINEA S-PERMANENCIA-;EXTRACOMISIONADO 5;25;30.00
1928;ALTA-NUEVA-+ LINEA S-PERMANENCIA-;EXTRACOMISIONADO 10;25;30.00
1929;ALTA-NUEVA-+ LINEA S-PERMANENCIA-;EXTRACOMISIONADO 20;25;30.00
1930;ALTA-NUEVA-+ LINEA COMPARTIDA-PERMANENCIA-;NO EXTRA;25;30.00
1931;ALTA-NUEVA-+ LINEA COMPARTIDA-PERMANENCIA-;EXTRACOMISIONADO 5;25;30.00
1932;ALTA-NUEVA-+ LINEA COMPARTIDA-PERMANENCIA-;EXTRACOMISIONADO 10;25;30.00
1933;ALTA-NUEVA-+ LINEA COMPARTIDA-PERMANENCIA-;EXTRACOMISIONADO 20;25;30.00
1934;ALTA-NUEVA-+ LINEA M-PERMANENCIA-;NO EXTRA;25;45.00
1935;ALTA-NUEVA-+ LINEA M-PERMANENCIA-;EXTRACOMISIONADO 5;25;45.00
1936;ALTA-NUEVA-+ LINEA M-PERMANENCIA-;EXTRACOMISIONADO 10;25;45.00
1937;ALTA-NUEVA-+ LINEA M-PERMANENCIA-;EXTRACOMISIONADO 20;25;45.00
1938;ALTA-NUEVA-+ LINEA L-PERMANENCIA-;NO EXTRA;25;45.00
1939;ALTA-NUEVA-+ LINEA L-PERMANENCIA-;EXTRACOMISIONADO 5;25;45.00
1940;ALTA-NUEVA-+ LINEA L-PERMANENCIA-;EXTRACOMISIONADO 10;25;45.00
1941;ALTA-NUEVA-+ LINEA L-PERMANENCIA-;EXTRACOMISIONADO 20;25;45.00
1942;ALTA-NUEVA-RED M-PERMANENCIA-;NO EXTRA;65;60.00
1943;ALTA-NUEVA-RED M-PERMANENCIA-;EXTRACOMISIONADO 5;65;60.00
1944;ALTA-NUEVA-RED M-PERMANENCIA-;EXTRACOMISIONADO 10;65;60.00
1945;ALTA-NUEVA-RED M-PERMANENCIA-;EXTRACOMISIONADO 20;65;60.00
1946;ALTA-NUEVA-RED L-PERMANENCIA-;NO EXTRA;120;70.00
1947;ALTA-NUEVA-RED L-PERMANENCIA-;EXTRACOMISIONADO 5;120;70.00
1948;ALTA-NUEVA-RED L-PERMANENCIA-;EXTRACOMISIONADO 10;120;70.00
1949;ALTA-NUEVA-RED L-PERMANENCIA-;EXTRACOMISIONADO 20;120;70.00
1950;ALTA-NUEVA-ONE MINI S-PERMANENCIA-;NO EXTRA;20;30.00
1951;ALTA-NUEVA-ONE MINI S-PERMANENCIA-;EXTRACOMISIONADO 5;20;30.00
1952;ALTA-NUEVA-ONE MINI S-PERMANENCIA-;EXTRACOMISIONADO 10;20;30.00
1953;ALTA-NUEVA-ONE MINI S-PERMANENCIA-;EXTRACOMISIONADO 20;20;30.00
1954;ALTA-NUEVA-ONE S LIGHT-PERMANENCIA-;NO EXTRA;25;30.00
1955;ALTA-NUEVA-ONE S LIGHT-PERMANENCIA-;EXTRACOMISIONADO 5;25;30.00
1956;ALTA-NUEVA-ONE S LIGHT-PERMANENCIA-;EXTRACOMISIONADO 10;25;30.00
1957;ALTA-NUEVA-ONE S LIGHT-PERMANENCIA-;EXTRACOMISIONADO 20;25;30.00
1958;ALTA-NUEVA-ONE S-PERMANENCIA-;NO EXTRA;50;45.00
1959;ALTA-NUEVA-ONE S-PERMANENCIA-;EXTRACOMISIONADO 5;50;45.00
1960;ALTA-NUEVA-ONE S-PERMANENCIA-;EXTRACOMISIONADO 10;50;45.00
1961;ALTA-NUEVA-ONE S-PERMANENCIA-;EXTRACOMISIONADO 20;50;45.00
1962;ALTA-NUEVA-ONE M-PERMANENCIA-;NO EXTRA;80;60.00
1963;ALTA-NUEVA-ONE M-PERMANENCIA-;EXTRACOMISIONADO 5;80;60.00
1964;ALTA-NUEVA-ONE M-PERMANENCIA-;EXTRACOMISIONADO 10;80;60.00
1965;ALTA-NUEVA-ONE M-PERMANENCIA-;EXTRACOMISIONADO 20;80;60.00
1966;ALTA-NUEVA-ONE L-PERMANENCIA-;NO EXTRA;130;70.00
1967;ALTA-NUEVA-ONE L-PERMANENCIA-;EXTRACOMISIONADO 5;130;70.00
1968;ALTA-NUEVA-ONE L-PERMANENCIA-;EXTRACOMISIONADO 10;130;70.00
1969;ALTA-NUEVA-ONE L-PERMANENCIA-;EXTRACOMISIONADO 20;130;70.00
1970;ALTA-MIGRA-MINI VOZ-PERMANENCIA-;NO EXTRA;10;30.00
1971;ALTA-MIGRA-MINI VOZ-PERMANENCIA-;EXTRACOMISIONADO 5;10;30.00
1972;ALTA-MIGRA-MINI VOZ-PERMANENCIA-;EXTRACOMISIONADO 10;10;30.00
1973;ALTA-MIGRA-MINI VOZ-PERMANENCIA-;EXTRACOMISIONADO 20;10;30.00
1974;ALTA-MIGRA-MINI S-PERMANENCIA-;NO EXTRA;15;30.00
1975;ALTA-MIGRA-MINI S-PERMANENCIA-;EXTRACOMISIONADO 5;15;30.00
1976;ALTA-MIGRA-MINI S-PERMANENCIA-;EXTRACOMISIONADO 10;15;30.00
1977;ALTA-MIGRA-MINI S-PERMANENCIA-;EXTRACOMISIONADO 20;15;30.00
1978;ALTA-MIGRA-+ LINEA MINI XS-PERMANENCIA-;NO EXTRA;5;0.00
1979;ALTA-MIGRA-+ LINEA MINI XS-PERMANENCIA-;EXTRACOMISIONADO 5;5;0.00
1980;ALTA-MIGRA-+ LINEA MINI XS-PERMANENCIA-;EXTRACOMISIONADO 10;5;0.00
1981;ALTA-MIGRA-+ LINEA MINI XS-PERMANENCIA-;EXTRACOMISIONADO 20;5;0.00
1982;ALTA-MIGRA-SMART S-PERMANENCIA-;NO EXTRA;45;45.00
1983;ALTA-MIGRA-SMART S-PERMANENCIA-;EXTRACOMISIONADO 5;45;45.00
1984;ALTA-MIGRA-SMART S-PERMANENCIA-;EXTRACOMISIONADO 10;45;45.00
1985;ALTA-MIGRA-SMART S-PERMANENCIA-;EXTRACOMISIONADO 20;45;45.00
1986;ALTA-MIGRA-MEGAYUSER-PERMANENCIA-;NO EXTRA;30;30.00
1987;ALTA-MIGRA-MEGAYUSER-PERMANENCIA-;EXTRACOMISIONADO 5;30;30.00
1988;ALTA-MIGRA-MEGAYUSER-PERMANENCIA-;EXTRACOMISIONADO 10;30;30.00
1989;ALTA-MIGRA-MEGAYUSER-PERMANENCIA-;EXTRACOMISIONADO 20;30;30.00
1990;ALTA-MIGRA-+ LINEA S-PERMANENCIA-;NO EXTRA;15;30.00
1991;ALTA-MIGRA-+ LINEA S-PERMANENCIA-;EXTRACOMISIONADO 5;15;30.00
1992;ALTA-MIGRA-+ LINEA S-PERMANENCIA-;EXTRACOMISIONADO 10;15;30.00
1993;ALTA-MIGRA-+ LINEA S-PERMANENCIA-;EXTRACOMISIONADO 20;15;30.00
1994;ALTA-MIGRA-+ LINEA COMPARTIDA-PERMANENCIA-;NO EXTRA;15;30.00
1995;ALTA-MIGRA-+ LINEA COMPARTIDA-PERMANENCIA-;EXTRACOMISIONADO 5;15;30.00
1996;ALTA-MIGRA-+ LINEA COMPARTIDA-PERMANENCIA-;EXTRACOMISIONADO 10;15;30.00
1997;ALTA-MIGRA-+ LINEA COMPARTIDA-PERMANENCIA-;EXTRACOMISIONADO 20;15;30.00
1998;ALTA-MIGRA-+ LINEA M-PERMANENCIA-;NO EXTRA;20;45.00
1999;ALTA-MIGRA-+ LINEA M-PERMANENCIA-;EXTRACOMISIONADO 5;20;45.00
2000;ALTA-MIGRA-+ LINEA M-PERMANENCIA-;EXTRACOMISIONADO 10;20;45.00
2001;ALTA-MIGRA-+ LINEA M-PERMANENCIA-;EXTRACOMISIONADO 20;20;45.00
2002;ALTA-MIGRA-+ LINEA L-PERMANENCIA-;NO EXTRA;20;45.00
2003;ALTA-MIGRA-+ LINEA L-PERMANENCIA-;EXTRACOMISIONADO 5;20;45.00
2004;ALTA-MIGRA-+ LINEA L-PERMANENCIA-;EXTRACOMISIONADO 10;20;45.00
2005;ALTA-MIGRA-+ LINEA L-PERMANENCIA-;EXTRACOMISIONADO 20;20;45.00
2006;ALTA-MIGRA-RED M-PERMANENCIA-;NO EXTRA;45;60.00
2007;ALTA-MIGRA-RED M-PERMANENCIA-;EXTRACOMISIONADO 5;45;60.00
2008;ALTA-MIGRA-RED M-PERMANENCIA-;EXTRACOMISIONADO 10;45;60.00
2009;ALTA-MIGRA-RED M-PERMANENCIA-;EXTRACOMISIONADO 20;45;60.00
2010;ALTA-MIGRA-RED L-PERMANENCIA-;NO EXTRA;45;70.00
2011;ALTA-MIGRA-RED L-PERMANENCIA-;EXTRACOMISIONADO 5;45;70.00
2012;ALTA-MIGRA-RED L-PERMANENCIA-;EXTRACOMISIONADO 10;45;70.00
2013;ALTA-MIGRA-RED L-PERMANENCIA-;EXTRACOMISIONADO 20;45;70.00
2014;ALTA-MIGRA-ONE MINI S-PERMANENCIA-;NO EXTRA;20;30.00
2015;ALTA-MIGRA-ONE MINI S-PERMANENCIA-;EXTRACOMISIONADO 5;20;30.00
2016;ALTA-MIGRA-ONE MINI S-PERMANENCIA-;EXTRACOMISIONADO 10;20;30.00
2017;ALTA-MIGRA-ONE MINI S-PERMANENCIA-;EXTRACOMISIONADO 20;20;30.00
2018;ALTA-MIGRA-ONE S LIGHT-PERMANENCIA-;NO EXTRA;25;30.00
2019;ALTA-MIGRA-ONE S LIGHT-PERMANENCIA-;EXTRACOMISIONADO 5;25;30.00
2020;ALTA-MIGRA-ONE S LIGHT-PERMANENCIA-;EXTRACOMISIONADO 10;25;30.00
2021;ALTA-MIGRA-ONE S LIGHT-PERMANENCIA-;EXTRACOMISIONADO 20;25;30.00
2022;ALTA-MIGRA-ONE S-PERMANENCIA-;NO EXTRA;50;45.00
2023;ALTA-MIGRA-ONE S-PERMANENCIA-;EXTRACOMISIONADO 5;50;45.00
2024;ALTA-MIGRA-ONE S-PERMANENCIA-;EXTRACOMISIONADO 10;50;45.00
2025;ALTA-MIGRA-ONE S-PERMANENCIA-;EXTRACOMISIONADO 20;50;45.00
2026;ALTA-MIGRA-ONE M-PERMANENCIA-;NO EXTRA;50;60.00
2027;ALTA-MIGRA-ONE M-PERMANENCIA-;EXTRACOMISIONADO 5;50;60.00
2028;ALTA-MIGRA-ONE M-PERMANENCIA-;EXTRACOMISIONADO 10;50;60.00
2029;ALTA-MIGRA-ONE M-PERMANENCIA-;EXTRACOMISIONADO 20;50;60.00
2030;ALTA-MIGRA-ONE L-PERMANENCIA-;NO EXTRA;50;70.00
2031;ALTA-MIGRA-ONE L-PERMANENCIA-;EXTRACOMISIONADO 5;50;70.00
2032;ALTA-MIGRA-ONE L-PERMANENCIA-;EXTRACOMISIONADO 10;50;70.00
2033;ALTA-MIGRA-ONE L-PERMANENCIA-;EXTRACOMISIONADO 20;50;70.00
2034;ALTA-PORTA POSPAGO-MINI VOZ-PERMANENCIA-;NO EXTRA;10;30.00
2035;ALTA-PORTA POSPAGO-MINI VOZ-PERMANENCIA-;EXTRACOMISIONADO 5;10;30.00
2036;ALTA-PORTA POSPAGO-MINI VOZ-PERMANENCIA-;EXTRACOMISIONADO 10;10;30.00
2037;ALTA-PORTA POSPAGO-MINI VOZ-PERMANENCIA-;EXTRACOMISIONADO 20;10;30.00
2038;ALTA-PORTA POSPAGO-MINI S-PERMANENCIA-;NO EXTRA;15;30.00
2039;ALTA-PORTA POSPAGO-MINI S-PERMANENCIA-;EXTRACOMISIONADO 5;15;30.00
2040;ALTA-PORTA POSPAGO-MINI S-PERMANENCIA-;EXTRACOMISIONADO 10;15;30.00
2041;ALTA-PORTA POSPAGO-MINI S-PERMANENCIA-;EXTRACOMISIONADO 20;15;30.00
2042;ALTA-PORTA POSPAGO-+ LINEA MINI XS-PERMANENCIA-;NO EXTRA;5;0.00
2043;ALTA-PORTA POSPAGO-+ LINEA MINI XS-PERMANENCIA-;EXTRACOMISIONADO 5;5;0.00
2044;ALTA-PORTA POSPAGO-+ LINEA MINI XS-PERMANENCIA-;EXTRACOMISIONADO 10;5;0.00
2045;ALTA-PORTA POSPAGO-+ LINEA MINI XS-PERMANENCIA-;EXTRACOMISIONADO 20;5;0.00
2046;ALTA-PORTA POSPAGO-SMART S-PERMANENCIA-;NO EXTRA;45;45.00
2047;ALTA-PORTA POSPAGO-SMART S-PERMANENCIA-;EXTRACOMISIONADO 5;45;45.00
2048;ALTA-PORTA POSPAGO-SMART S-PERMANENCIA-;EXTRACOMISIONADO 10;45;45.00
2049;ALTA-PORTA POSPAGO-SMART S-PERMANENCIA-;EXTRACOMISIONADO 20;45;45.00
2050;ALTA-PORTA POSPAGO-MEGAYUSER-PERMANENCIA-;NO EXTRA;30;30.00
2051;ALTA-PORTA POSPAGO-MEGAYUSER-PERMANENCIA-;EXTRACOMISIONADO 5;30;30.00
2052;ALTA-PORTA POSPAGO-MEGAYUSER-PERMANENCIA-;EXTRACOMISIONADO 10;30;30.00
2053;ALTA-PORTA POSPAGO-MEGAYUSER-PERMANENCIA-;EXTRACOMISIONADO 20;30;30.00
2054;ALTA-PORTA POSPAGO-+ LINEA S-PERMANENCIA-;NO EXTRA;25;30.00
2055;ALTA-PORTA POSPAGO-+ LINEA S-PERMANENCIA-;EXTRACOMISIONADO 5;25;30.00
2056;ALTA-PORTA POSPAGO-+ LINEA S-PERMANENCIA-;EXTRACOMISIONADO 10;25;30.00
2057;ALTA-PORTA POSPAGO-+ LINEA S-PERMANENCIA-;EXTRACOMISIONADO 20;25;30.00
2058;ALTA-PORTA POSPAGO-+ LINEA COMPARTIDA-PERMANENCIA-;NO EXTRA;25;30.00
2059;ALTA-PORTA POSPAGO-+ LINEA COMPARTIDA-PERMANENCIA-;EXTRACOMISIONADO 5;25;30.00
2060;ALTA-PORTA POSPAGO-+ LINEA COMPARTIDA-PERMANENCIA-;EXTRACOMISIONADO 10;25;30.00
2061;ALTA-PORTA POSPAGO-+ LINEA COMPARTIDA-PERMANENCIA-;EXTRACOMISIONADO 20;25;30.00
2062;ALTA-PORTA POSPAGO-+ LINEA M-PERMANENCIA-;NO EXTRA;25;45.00
2063;ALTA-PORTA POSPAGO-+ LINEA M-PERMANENCIA-;EXTRACOMISIONADO 5;25;45.00
2064;ALTA-PORTA POSPAGO-+ LINEA M-PERMANENCIA-;EXTRACOMISIONADO 10;25;45.00
2065;ALTA-PORTA POSPAGO-+ LINEA M-PERMANENCIA-;EXTRACOMISIONADO 20;25;45.00
2066;ALTA-PORTA POSPAGO-+ LINEA L-PERMANENCIA-;NO EXTRA;25;45.00
2067;ALTA-PORTA POSPAGO-+ LINEA L-PERMANENCIA-;EXTRACOMISIONADO 5;25;45.00
2068;ALTA-PORTA POSPAGO-+ LINEA L-PERMANENCIA-;EXTRACOMISIONADO 10;25;45.00
2069;ALTA-PORTA POSPAGO-+ LINEA L-PERMANENCIA-;EXTRACOMISIONADO 20;25;45.00
2070;ALTA-PORTA POSPAGO-RED M-PERMANENCIA-;NO EXTRA;65;60.00
2071;ALTA-PORTA POSPAGO-RED M-PERMANENCIA-;EXTRACOMISIONADO 5;65;60.00
2072;ALTA-PORTA POSPAGO-RED M-PERMANENCIA-;EXTRACOMISIONADO 10;65;60.00
2073;ALTA-PORTA POSPAGO-RED M-PERMANENCIA-;EXTRACOMISIONADO 20;65;60.00
2074;ALTA-PORTA POSPAGO-RED L-PERMANENCIA-;NO EXTRA;120;70.00
2075;ALTA-PORTA POSPAGO-RED L-PERMANENCIA-;EXTRACOMISIONADO 5;120;70.00
2076;ALTA-PORTA POSPAGO-RED L-PERMANENCIA-;EXTRACOMISIONADO 10;120;70.00
2077;ALTA-PORTA POSPAGO-RED L-PERMANENCIA-;EXTRACOMISIONADO 20;120;70.00
2078;ALTA-PORTA POSPAGO-ONE MINI S-PERMANENCIA-;NO EXTRA;20;30.00
2079;ALTA-PORTA POSPAGO-ONE MINI S-PERMANENCIA-;EXTRACOMISIONADO 5;20;30.00
2080;ALTA-PORTA POSPAGO-ONE MINI S-PERMANENCIA-;EXTRACOMISIONADO 10;20;30.00
2081;ALTA-PORTA POSPAGO-ONE MINI S-PERMANENCIA-;EXTRACOMISIONADO 20;20;30.00
2082;ALTA-PORTA POSPAGO-ONE S LIGHT-PERMANENCIA-;NO EXTRA;25;30.00
2083;ALTA-PORTA POSPAGO-ONE S LIGHT-PERMANENCIA-;EXTRACOMISIONADO 5;25;30.00
2084;ALTA-PORTA POSPAGO-ONE S LIGHT-PERMANENCIA-;EXTRACOMISIONADO 10;25;30.00
2085;ALTA-PORTA POSPAGO-ONE S LIGHT-PERMANENCIA-;EXTRACOMISIONADO 20;25;30.00
2086;ALTA-PORTA POSPAGO-ONE S-PERMANENCIA-;NO EXTRA;50;45.00
2087;ALTA-PORTA POSPAGO-ONE S-PERMANENCIA-;EXTRACOMISIONADO 5;50;45.00
2088;ALTA-PORTA POSPAGO-ONE S-PERMANENCIA-;EXTRACOMISIONADO 10;50;45.00
2089;ALTA-PORTA POSPAGO-ONE S-PERMANENCIA-;EXTRACOMISIONADO 20;50;45.00
2090;ALTA-PORTA POSPAGO-ONE M-PERMANENCIA-;NO EXTRA;80;60.00
2091;ALTA-PORTA POSPAGO-ONE M-PERMANENCIA-;EXTRACOMISIONADO 5;80;60.00
2092;ALTA-PORTA POSPAGO-ONE M-PERMANENCIA-;EXTRACOMISIONADO 10;80;60.00
2093;ALTA-PORTA POSPAGO-ONE M-PERMANENCIA-;EXTRACOMISIONADO 20;80;60.00
2094;ALTA-PORTA POSPAGO-ONE L-PERMANENCIA-;NO EXTRA;130;70.00
2095;ALTA-PORTA POSPAGO-ONE L-PERMANENCIA-;EXTRACOMISIONADO 5;130;70.00
2096;ALTA-PORTA POSPAGO-ONE L-PERMANENCIA-;EXTRACOMISIONADO 10;130;70.00
2097;ALTA-PORTA POSPAGO-ONE L-PERMANENCIA-;EXTRACOMISIONADO 20;130;70.00
2098;ALTA-PORTA PREPAGO-MINI VOZ-PERMANENCIA-;NO EXTRA;10;30.00
2099;ALTA-PORTA PREPAGO-MINI VOZ-PERMANENCIA-;EXTRACOMISIONADO 5;10;30.00
2100;ALTA-PORTA PREPAGO-MINI VOZ-PERMANENCIA-;EXTRACOMISIONADO 10;10;30.00
2101;ALTA-PORTA PREPAGO-MINI VOZ-PERMANENCIA-;EXTRACOMISIONADO 20;10;30.00
2102;ALTA-PORTA PREPAGO-MINI S-PERMANENCIA-;NO EXTRA;15;30.00
2103;ALTA-PORTA PREPAGO-MINI S-PERMANENCIA-;EXTRACOMISIONADO 5;15;30.00
2104;ALTA-PORTA PREPAGO-MINI S-PERMANENCIA-;EXTRACOMISIONADO 10;15;30.00
2105;ALTA-PORTA PREPAGO-MINI S-PERMANENCIA-;EXTRACOMISIONADO 20;15;30.00
2106;ALTA-PORTA PREPAGO-+ LINEA MINI XS-PERMANENCIA-;NO EXTRA;5;0.00
2107;ALTA-PORTA PREPAGO-+ LINEA MINI XS-PERMANENCIA-;EXTRACOMISIONADO 5;5;0.00
2108;ALTA-PORTA PREPAGO-+ LINEA MINI XS-PERMANENCIA-;EXTRACOMISIONADO 10;5;0.00
2109;ALTA-PORTA PREPAGO-+ LINEA MINI XS-PERMANENCIA-;EXTRACOMISIONADO 20;5;0.00
2110;ALTA-PORTA PREPAGO-SMART S-PERMANENCIA-;NO EXTRA;45;45.00
2111;ALTA-PORTA PREPAGO-SMART S-PERMANENCIA-;EXTRACOMISIONADO 5;45;45.00
2112;ALTA-PORTA PREPAGO-SMART S-PERMANENCIA-;EXTRACOMISIONADO 10;45;45.00
2113;ALTA-PORTA PREPAGO-SMART S-PERMANENCIA-;EXTRACOMISIONADO 20;45;45.00
2114;ALTA-PORTA PREPAGO-MEGAYUSER-PERMANENCIA-;NO EXTRA;30;30.00
2115;ALTA-PORTA PREPAGO-MEGAYUSER-PERMANENCIA-;EXTRACOMISIONADO 5;30;30.00
2116;ALTA-PORTA PREPAGO-MEGAYUSER-PERMANENCIA-;EXTRACOMISIONADO 10;30;30.00
2117;ALTA-PORTA PREPAGO-MEGAYUSER-PERMANENCIA-;EXTRACOMISIONADO 20;30;30.00
2118;ALTA-PORTA PREPAGO-+ LINEA S-PERMANENCIA-;NO EXTRA;25;30.00
2119;ALTA-PORTA PREPAGO-+ LINEA S-PERMANENCIA-;EXTRACOMISIONADO 5;25;30.00
2120;ALTA-PORTA PREPAGO-+ LINEA S-PERMANENCIA-;EXTRACOMISIONADO 10;25;30.00
2121;ALTA-PORTA PREPAGO-+ LINEA S-PERMANENCIA-;EXTRACOMISIONADO 20;25;30.00
2122;ALTA-PORTA PREPAGO-+ LINEA COMPARTIDA-PERMANENCIA-;NO EXTRA;25;30.00
2123;ALTA-PORTA PREPAGO-+ LINEA COMPARTIDA-PERMANENCIA-;EXTRACOMISIONADO 5;25;30.00
2124;ALTA-PORTA PREPAGO-+ LINEA COMPARTIDA-PERMANENCIA-;EXTRACOMISIONADO 10;25;30.00
2125;ALTA-PORTA PREPAGO-+ LINEA COMPARTIDA-PERMANENCIA-;EXTRACOMISIONADO 20;25;30.00
2126;ALTA-PORTA PREPAGO-+ LINEA M-PERMANENCIA-;NO EXTRA;25;45.00
2127;ALTA-PORTA PREPAGO-+ LINEA M-PERMANENCIA-;EXTRACOMISIONADO 5;25;45.00
2128;ALTA-PORTA PREPAGO-+ LINEA M-PERMANENCIA-;EXTRACOMISIONADO 10;25;45.00
2129;ALTA-PORTA PREPAGO-+ LINEA M-PERMANENCIA-;EXTRACOMISIONADO 20;25;45.00
2130;ALTA-PORTA PREPAGO-+ LINEA L-PERMANENCIA-;NO EXTRA;25;45.00
2131;ALTA-PORTA PREPAGO-+ LINEA L-PERMANENCIA-;EXTRACOMISIONADO 5;25;45.00
2132;ALTA-PORTA PREPAGO-+ LINEA L-PERMANENCIA-;EXTRACOMISIONADO 10;25;45.00
2133;ALTA-PORTA PREPAGO-+ LINEA L-PERMANENCIA-;EXTRACOMISIONADO 20;25;45.00
2134;ALTA-PORTA PREPAGO-RED M-PERMANENCIA-;NO EXTRA;65;60.00
2135;ALTA-PORTA PREPAGO-RED M-PERMANENCIA-;EXTRACOMISIONADO 5;65;60.00
2136;ALTA-PORTA PREPAGO-RED M-PERMANENCIA-;EXTRACOMISIONADO 10;65;60.00
2137;ALTA-PORTA PREPAGO-RED M-PERMANENCIA-;EXTRACOMISIONADO 20;65;60.00
2138;ALTA-PORTA PREPAGO-RED L-PERMANENCIA-;NO EXTRA;120;70.00
2139;ALTA-PORTA PREPAGO-RED L-PERMANENCIA-;EXTRACOMISIONADO 5;120;70.00
2140;ALTA-PORTA PREPAGO-RED L-PERMANENCIA-;EXTRACOMISIONADO 10;120;70.00
2141;ALTA-PORTA PREPAGO-RED L-PERMANENCIA-;EXTRACOMISIONADO 20;120;70.00
2142;ALTA-PORTA PREPAGO-ONE MINI S-PERMANENCIA-;NO EXTRA;20;30.00
2143;ALTA-PORTA PREPAGO-ONE MINI S-PERMANENCIA-;EXTRACOMISIONADO 5;20;30.00
2144;ALTA-PORTA PREPAGO-ONE MINI S-PERMANENCIA-;EXTRACOMISIONADO 10;20;30.00
2145;ALTA-PORTA PREPAGO-ONE MINI S-PERMANENCIA-;EXTRACOMISIONADO 20;20;30.00
2146;ALTA-PORTA PREPAGO-ONE S LIGHT-PERMANENCIA-;NO EXTRA;25;30.00
2147;ALTA-PORTA PREPAGO-ONE S LIGHT-PERMANENCIA-;EXTRACOMISIONADO 5;25;30.00
2148;ALTA-PORTA PREPAGO-ONE S LIGHT-PERMANENCIA-;EXTRACOMISIONADO 10;25;30.00
2149;ALTA-PORTA PREPAGO-ONE S LIGHT-PERMANENCIA-;EXTRACOMISIONADO 20;25;30.00
2150;ALTA-PORTA PREPAGO-ONE S-PERMANENCIA-;NO EXTRA;50;45.00
2151;ALTA-PORTA PREPAGO-ONE S-PERMANENCIA-;EXTRACOMISIONADO 5;50;45.00
2152;ALTA-PORTA PREPAGO-ONE S-PERMANENCIA-;EXTRACOMISIONADO 10;50;45.00
2153;ALTA-PORTA PREPAGO-ONE S-PERMANENCIA-;EXTRACOMISIONADO 20;50;45.00
2154;ALTA-PORTA PREPAGO-ONE M-PERMANENCIA-;NO EXTRA;80;60.00
2155;ALTA-PORTA PREPAGO-ONE M-PERMANENCIA-;EXTRACOMISIONADO 5;80;60.00
2156;ALTA-PORTA PREPAGO-ONE M-PERMANENCIA-;EXTRACOMISIONADO 10;80;60.00
2157;ALTA-PORTA PREPAGO-ONE M-PERMANENCIA-;EXTRACOMISIONADO 20;80;60.00
2158;ALTA-PORTA PREPAGO-ONE L-PERMANENCIA-;NO EXTRA;130;70.00
2159;ALTA-PORTA PREPAGO-ONE L-PERMANENCIA-;EXTRACOMISIONADO 5;130;70.00
2160;ALTA-PORTA PREPAGO-ONE L-PERMANENCIA-;EXTRACOMISIONADO 10;130;70.00
2161;ALTA-PORTA PREPAGO-ONE L-PERMANENCIA-;EXTRACOMISIONADO 20;130;70.00
2162;TV-;SPORT;18;20.00
2163;TV-;MICROEMPRESA;12;20.00
2217;ALTA-NUEVA-SMART XS-;SIMONLY;5;30.00
2219;ALTA-NUEVA-SMART L-;SIMONLY;10;45.00
2221;ALTA-NUEVA-RED M PLUS-;SIMONLY;20;60.00
2223;ALTA-NUEVA-RED L PLUS-;SIMONLY;30;70.00
2225;ALTA-NUEVA-RED XL-;SIMONLY;30;70.00
2227;ALTA-NUEVA-RED XXL-;SIMONLY;30;70.00
2229;ALTA-NUEVA-SUPERYUSER-;SIMONLY;5;30.00
2231;ALTA-NUEVA-ONE XL-;SIMONLY;95;70.00
2233;ALTA-NUEVA-ONE FAMILIA-;SIMONLY;38;60.00
2235;ALTA-NUEVA-ONE FAMILIA ILIMITADA-;SIMONLY;63;70.00
2237;ALTA-NUEVA-+ LINEA MINI-;SIMONLY;10;30.00
2239;ALTA-NUEVA-+ LINEA MINI S-;SIMONLY;10;30.00
2241;ALTA-NUEVA-+ LINEAS YU-;SIMONLY;12;30.00
2243;ALTA-PORTA POSPAGO-SMART XS-;SIMONLY;5;30.00
2245;ALTA-PORTA POSPAGO-SMART L-;SIMONLY;10;45.00
2247;ALTA-PORTA POSPAGO-RED M PLUS-;SIMONLY;20;60.00
2249;ALTA-PORTA POSPAGO-RED L PLUS-;SIMONLY;30;70.00
2251;ALTA-PORTA POSPAGO-RED XL-;SIMONLY;30;70.00
2253;ALTA-PORTA POSPAGO-RED XXL-;SIMONLY;30;70.00
2255;ALTA-PORTA POSPAGO-SUPERYUSER-;SIMONLY;5;30.00
2257;ALTA-PORTA POSPAGO-ONE XL-;SIMONLY;95;70.00
2259;ALTA-PORTA POSPAGO-ONE FAMILIA-;SIMONLY;38;60.00
2261;ALTA-PORTA POSPAGO-ONE FAMILIA ILIMITADA-;SIMONLY;63;70.00
2263;ALTA-PORTA POSPAGO-+ LINEA MINI-;SIMONLY;10;30.00
2265;ALTA-PORTA POSPAGO-+ LINEA MINI S-;SIMONLY;10;30.00
2267;ALTA-PORTA POSPAGO-+ LINEAS YU-;SIMONLY;12;30.00
2269;ALTA-PORTA PREPAGO-SMART XS-;SIMONLY;5;30.00
2271;ALTA-PORTA PREPAGO-SMART L-;SIMONLY;10;45.00
2273;ALTA-PORTA PREPAGO-RED M PLUS-;SIMONLY;20;60.00
2275;ALTA-PORTA PREPAGO-RED L PLUS-;SIMONLY;30;70.00
2277;ALTA-PORTA PREPAGO-RED XL-;SIMONLY;30;70.00
2279;ALTA-PORTA PREPAGO-RED XXL-;SIMONLY;30;70.00
2281;ALTA-PORTA PREPAGO-SUPERYUSER-;SIMONLY;5;30.00
2283;ALTA-PORTA PREPAGO-ONE XL-;SIMONLY;95;70.00
2285;ALTA-PORTA PREPAGO-ONE FAMILIA-;SIMONLY;38;60.00
2287;ALTA-PORTA PREPAGO-ONE FAMILIA ILIMITADA-;SIMONLY;63;70.00
2289;ALTA-PORTA PREPAGO-+ LINEA MINI-;SIMONLY;10;30.00
2291;ALTA-PORTA PREPAGO-+ LINEA MINI S-;SIMONLY;10;30.00
2293;ALTA-PORTA PREPAGO-+ LINEAS YU-;SIMONLY;12;30.00
2295;ALTA-MIGRA-SMART XS-;SIMONLY;5;30.00
2297;ALTA-MIGRA-SMART L-;SIMONLY;10;45.00
2299;ALTA-MIGRA-RED M PLUS-;SIMONLY;10;60.00
2301;ALTA-MIGRA-RED L PLUS-;SIMONLY;10;70.00
2303;ALTA-MIGRA-RED XL-;SIMONLY;10;70.00
2305;ALTA-MIGRA-RED XXL-;SIMONLY;10;70.00
2307;ALTA-MIGRA-SUPERYUSER-;SIMONLY;5;30.00
2309;ALTA-MIGRA-ONE XL-;SIMONLY;35;70.00
2311;ALTA-MIGRA-ONE FAMILIA-;SIMONLY;35;60.00
2313;ALTA-MIGRA-ONE FAMILIA ILIMITADA-;SIMONLY;35;70.00
2315;ALTA-MIGRA-+ LINEA MINI-;SIMONLY;5;30.00
2317;ALTA-MIGRA-+ LINEA MINI S-;SIMONLY;5;30.00
2319;ALTA-MIGRA-+ LINEAS YU-;SIMONLY;5;30.00
2320;ALTA-NUEVA-SMART XS-PERMANENCIA-;NO EXTRA;15;30.00
2321;ALTA-NUEVA-SMART XS-PERMANENCIA-;EXTRACOMISIONADO 5;15;30.00
2322;ALTA-NUEVA-SMART XS-PERMANENCIA-;EXTRACOMISIONADO 10;15;30.00
2323;ALTA-NUEVA-SMART XS-PERMANENCIA-;EXTRACOMISIONADO 20;15;30.00
2324;ALTA-NUEVA-SMART L-PERMANENCIA-;NO EXTRA;45;45.00
2325;ALTA-NUEVA-SMART L-PERMANENCIA-;EXTRACOMISIONADO 5;45;45.00
2326;ALTA-NUEVA-SMART L-PERMANENCIA-;EXTRACOMISIONADO 10;45;45.00
2327;ALTA-NUEVA-SMART L-PERMANENCIA-;EXTRACOMISIONADO 20;45;45.00
2328;ALTA-NUEVA-RED M PLUS-PERMANENCIA-;NO EXTRA;65;60.00
2329;ALTA-NUEVA-RED M PLUS-PERMANENCIA-;EXTRACOMISIONADO 5;65;60.00
2330;ALTA-NUEVA-RED M PLUS-PERMANENCIA-;EXTRACOMISIONADO 10;65;60.00
2331;ALTA-NUEVA-RED M PLUS-PERMANENCIA-;EXTRACOMISIONADO 20;65;60.00
2332;ALTA-NUEVA-RED L PLUS-PERMANENCIA-;NO EXTRA;120;70.00
2333;ALTA-NUEVA-RED L PLUS-PERMANENCIA-;EXTRACOMISIONADO 5;120;70.00
2334;ALTA-NUEVA-RED L PLUS-PERMANENCIA-;EXTRACOMISIONADO 10;120;70.00
2335;ALTA-NUEVA-RED L PLUS-PERMANENCIA-;EXTRACOMISIONADO 20;120;70.00
2336;ALTA-NUEVA-RED XL-PERMANENCIA-;NO EXTRA;120;70.00
2337;ALTA-NUEVA-RED XL-PERMANENCIA-;EXTRACOMISIONADO 5;120;70.00
2338;ALTA-NUEVA-RED XL-PERMANENCIA-;EXTRACOMISIONADO 10;120;70.00
2339;ALTA-NUEVA-RED XL-PERMANENCIA-;EXTRACOMISIONADO 20;120;70.00
2340;ALTA-NUEVA-RED XXL-PERMANENCIA-;NO EXTRA;120;70.00
2341;ALTA-NUEVA-RED XXL-PERMANENCIA-;EXTRACOMISIONADO 5;120;70.00
2342;ALTA-NUEVA-RED XXL-PERMANENCIA-;EXTRACOMISIONADO 10;120;70.00
2343;ALTA-NUEVA-RED XXL-PERMANENCIA-;EXTRACOMISIONADO 20;120;70.00
2344;ALTA-NUEVA-SUPERYUSER-PERMANENCIA-;NO EXTRA;25;30.00
2345;ALTA-NUEVA-SUPERYUSER-PERMANENCIA-;EXTRACOMISIONADO 5;25;30.00
2346;ALTA-NUEVA-SUPERYUSER-PERMANENCIA-;EXTRACOMISIONADO 10;25;30.00
2347;ALTA-NUEVA-SUPERYUSER-PERMANENCIA-;EXTRACOMISIONADO 20;25;30.00
2348;ALTA-NUEVA-ONE XL-PERMANENCIA-;NO EXTRA;130;70.00
2349;ALTA-NUEVA-ONE XL-PERMANENCIA-;EXTRACOMISIONADO 5;130;70.00
2350;ALTA-NUEVA-ONE XL-PERMANENCIA-;EXTRACOMISIONADO 10;130;70.00
2351;ALTA-NUEVA-ONE XL-PERMANENCIA-;EXTRACOMISIONADO 20;130;70.00
2352;ALTA-NUEVA-ONE FAMILIA-PERMANENCIA-;NO EXTRA;54;60.00
2353;ALTA-NUEVA-ONE FAMILIA-PERMANENCIA-;EXTRACOMISIONADO 5;54;60.00
2354;ALTA-NUEVA-ONE FAMILIA-PERMANENCIA-;EXTRACOMISIONADO 10;54;60.00
2355;ALTA-NUEVA-ONE FAMILIA-PERMANENCIA-;EXTRACOMISIONADO 20;54;60.00
2356;ALTA-NUEVA-ONE FAMILIA ILIMITADA-PERMANENCIA-;NO EXTRA;88;70.00
2357;ALTA-NUEVA-ONE FAMILIA ILIMITADA-PERMANENCIA-;EXTRACOMISIONADO 5;88;70.00
2358;ALTA-NUEVA-ONE FAMILIA ILIMITADA-PERMANENCIA-;EXTRACOMISIONADO 10;88;70.00
2359;ALTA-NUEVA-ONE FAMILIA ILIMITADA-PERMANENCIA-;EXTRACOMISIONADO 20;88;70.00
2360;ALTA-NUEVA-+ LINEA MINI-PERMANENCIA-;NO EXTRA;10;30.00
2361;ALTA-NUEVA-+ LINEA MINI-PERMANENCIA-;EXTRACOMISIONADO 5;10;30.00
2362;ALTA-NUEVA-+ LINEA MINI-PERMANENCIA-;EXTRACOMISIONADO 10;10;30.00
2363;ALTA-NUEVA-+ LINEA MINI-PERMANENCIA-;EXTRACOMISIONADO 20;10;30.00
2364;ALTA-NUEVA-+ LINEA MINI S-PERMANENCIA-;NO EXTRA;10;30.00
2365;ALTA-NUEVA-+ LINEA MINI S-PERMANENCIA-;EXTRACOMISIONADO 5;10;30.00
2366;ALTA-NUEVA-+ LINEA MINI S-PERMANENCIA-;EXTRACOMISIONADO 10;10;30.00
2367;ALTA-NUEVA-+ LINEA MINI S-PERMANENCIA-;EXTRACOMISIONADO 20;10;30.00
2368;ALTA-NUEVA-+ LINEAS YU-PERMANENCIA-;NO EXTRA;20;30.00
2369;ALTA-NUEVA-+ LINEAS YU-PERMANENCIA-;EXTRACOMISIONADO 5;20;30.00
2370;ALTA-NUEVA-+ LINEAS YU-PERMANENCIA-;EXTRACOMISIONADO 10;20;30.00
2371;ALTA-NUEVA-+ LINEAS YU-PERMANENCIA-;EXTRACOMISIONADO 20;20;30.00
2372;ALTA-PORTA POSPAGO-SMART XS-PERMANENCIA-;NO EXTRA;15;30.00
2373;ALTA-PORTA POSPAGO-SMART XS-PERMANENCIA-;EXTRACOMISIONADO 5;15;30.00
2374;ALTA-PORTA POSPAGO-SMART XS-PERMANENCIA-;EXTRACOMISIONADO 10;15;30.00
2375;ALTA-PORTA POSPAGO-SMART XS-PERMANENCIA-;EXTRACOMISIONADO 20;15;30.00
2376;ALTA-PORTA POSPAGO-SMART L-PERMANENCIA-;NO EXTRA;45;45.00
2377;ALTA-PORTA POSPAGO-SMART L-PERMANENCIA-;EXTRACOMISIONADO 5;45;45.00
2378;ALTA-PORTA POSPAGO-SMART L-PERMANENCIA-;EXTRACOMISIONADO 10;45;45.00
2379;ALTA-PORTA POSPAGO-SMART L-PERMANENCIA-;EXTRACOMISIONADO 20;45;45.00
2380;ALTA-PORTA POSPAGO-RED M PLUS-PERMANENCIA-;NO EXTRA;65;60.00
2381;ALTA-PORTA POSPAGO-RED M PLUS-PERMANENCIA-;EXTRACOMISIONADO 5;65;60.00
2382;ALTA-PORTA POSPAGO-RED M PLUS-PERMANENCIA-;EXTRACOMISIONADO 10;65;60.00
2383;ALTA-PORTA POSPAGO-RED M PLUS-PERMANENCIA-;EXTRACOMISIONADO 20;65;60.00
2384;ALTA-PORTA POSPAGO-RED L PLUS-PERMANENCIA-;NO EXTRA;120;70.00
2385;ALTA-PORTA POSPAGO-RED L PLUS-PERMANENCIA-;EXTRACOMISIONADO 5;120;70.00
2386;ALTA-PORTA POSPAGO-RED L PLUS-PERMANENCIA-;EXTRACOMISIONADO 10;120;70.00
2387;ALTA-PORTA POSPAGO-RED L PLUS-PERMANENCIA-;EXTRACOMISIONADO 20;120;70.00
2388;ALTA-PORTA POSPAGO-RED XL-PERMANENCIA-;NO EXTRA;120;70.00
2389;ALTA-PORTA POSPAGO-RED XL-PERMANENCIA-;EXTRACOMISIONADO 5;120;70.00
2390;ALTA-PORTA POSPAGO-RED XL-PERMANENCIA-;EXTRACOMISIONADO 10;120;70.00
2391;ALTA-PORTA POSPAGO-RED XL-PERMANENCIA-;EXTRACOMISIONADO 20;120;70.00
2392;ALTA-PORTA POSPAGO-RED XXL-PERMANENCIA-;NO EXTRA;120;70.00
2393;ALTA-PORTA POSPAGO-RED XXL-PERMANENCIA-;EXTRACOMISIONADO 5;120;70.00
2394;ALTA-PORTA POSPAGO-RED XXL-PERMANENCIA-;EXTRACOMISIONADO 10;120;70.00
2395;ALTA-PORTA POSPAGO-RED XXL-PERMANENCIA-;EXTRACOMISIONADO 20;120;70.00
2396;ALTA-PORTA POSPAGO-SUPERYUSER-PERMANENCIA-;NO EXTRA;25;30.00
2397;ALTA-PORTA POSPAGO-SUPERYUSER-PERMANENCIA-;EXTRACOMISIONADO 5;25;30.00
2398;ALTA-PORTA POSPAGO-SUPERYUSER-PERMANENCIA-;EXTRACOMISIONADO 10;25;30.00
2399;ALTA-PORTA POSPAGO-SUPERYUSER-PERMANENCIA-;EXTRACOMISIONADO 20;25;30.00
2400;ALTA-PORTA POSPAGO-ONE XL-PERMANENCIA-;NO EXTRA;130;70.00
2401;ALTA-PORTA POSPAGO-ONE XL-PERMANENCIA-;EXTRACOMISIONADO 5;130;70.00
2402;ALTA-PORTA POSPAGO-ONE XL-PERMANENCIA-;EXTRACOMISIONADO 10;130;70.00
2403;ALTA-PORTA POSPAGO-ONE XL-PERMANENCIA-;EXTRACOMISIONADO 20;130;70.00
2404;ALTA-PORTA POSPAGO-ONE FAMILIA-PERMANENCIA-;NO EXTRA;54;60.00
2405;ALTA-PORTA POSPAGO-ONE FAMILIA-PERMANENCIA-;EXTRACOMISIONADO 5;54;60.00
2406;ALTA-PORTA POSPAGO-ONE FAMILIA-PERMANENCIA-;EXTRACOMISIONADO 10;54;60.00
2407;ALTA-PORTA POSPAGO-ONE FAMILIA-PERMANENCIA-;EXTRACOMISIONADO 20;54;60.00
2408;ALTA-PORTA POSPAGO-ONE FAMILIA ILIMITADA-PERMANENCIA-;NO EXTRA;88;70.00
2409;ALTA-PORTA POSPAGO-ONE FAMILIA ILIMITADA-PERMANENCIA-;EXTRACOMISIONADO 5;88;70.00
2410;ALTA-PORTA POSPAGO-ONE FAMILIA ILIMITADA-PERMANENCIA-;EXTRACOMISIONADO 10;88;70.00
2411;ALTA-PORTA POSPAGO-ONE FAMILIA ILIMITADA-PERMANENCIA-;EXTRACOMISIONADO 20;88;70.00
2412;ALTA-PORTA POSPAGO-+ LINEA MINI-PERMANENCIA-;NO EXTRA;10;30.00
2413;ALTA-PORTA POSPAGO-+ LINEA MINI-PERMANENCIA-;EXTRACOMISIONADO 5;10;30.00
2414;ALTA-PORTA POSPAGO-+ LINEA MINI-PERMANENCIA-;EXTRACOMISIONADO 10;10;30.00
2415;ALTA-PORTA POSPAGO-+ LINEA MINI-PERMANENCIA-;EXTRACOMISIONADO 20;10;30.00
2416;ALTA-PORTA POSPAGO-+ LINEA MINI S-PERMANENCIA-;NO EXTRA;10;30.00
2417;ALTA-PORTA POSPAGO-+ LINEA MINI S-PERMANENCIA-;EXTRACOMISIONADO 5;10;30.00
2418;ALTA-PORTA POSPAGO-+ LINEA MINI S-PERMANENCIA-;EXTRACOMISIONADO 10;10;30.00
2419;ALTA-PORTA POSPAGO-+ LINEA MINI S-PERMANENCIA-;EXTRACOMISIONADO 20;10;30.00
2420;ALTA-PORTA POSPAGO-+ LINEAS YU-PERMANENCIA-;NO EXTRA;20;30.00
2421;ALTA-PORTA POSPAGO-+ LINEAS YU-PERMANENCIA-;EXTRACOMISIONADO 5;20;30.00
2422;ALTA-PORTA POSPAGO-+ LINEAS YU-PERMANENCIA-;EXTRACOMISIONADO 10;20;30.00
2423;ALTA-PORTA POSPAGO-+ LINEAS YU-PERMANENCIA-;EXTRACOMISIONADO 20;20;30.00
2424;ALTA-PORTA PREPAGO-SMART XS-PERMANENCIA-;NO EXTRA;15;30.00
2425;ALTA-PORTA PREPAGO-SMART XS-PERMANENCIA-;EXTRACOMISIONADO 5;15;30.00
2426;ALTA-PORTA PREPAGO-SMART XS-PERMANENCIA-;EXTRACOMISIONADO 10;15;30.00
2427;ALTA-PORTA PREPAGO-SMART XS-PERMANENCIA-;EXTRACOMISIONADO 20;15;30.00
2428;ALTA-PORTA PREPAGO-SMART L-PERMANENCIA-;NO EXTRA;45;45.00
2429;ALTA-PORTA PREPAGO-SMART L-PERMANENCIA-;EXTRACOMISIONADO 5;45;45.00
2430;ALTA-PORTA PREPAGO-SMART L-PERMANENCIA-;EXTRACOMISIONADO 10;45;45.00
2431;ALTA-PORTA PREPAGO-SMART L-PERMANENCIA-;EXTRACOMISIONADO 20;45;45.00
2432;ALTA-PORTA PREPAGO-RED M PLUS-PERMANENCIA-;NO EXTRA;65;60.00
2433;ALTA-PORTA PREPAGO-RED M PLUS-PERMANENCIA-;EXTRACOMISIONADO 5;65;60.00
2434;ALTA-PORTA PREPAGO-RED M PLUS-PERMANENCIA-;EXTRACOMISIONADO 10;65;60.00
2435;ALTA-PORTA PREPAGO-RED M PLUS-PERMANENCIA-;EXTRACOMISIONADO 20;65;60.00
2436;ALTA-PORTA PREPAGO-RED L PLUS-PERMANENCIA-;NO EXTRA;120;70.00
2437;ALTA-PORTA PREPAGO-RED L PLUS-PERMANENCIA-;EXTRACOMISIONADO 5;120;70.00
2438;ALTA-PORTA PREPAGO-RED L PLUS-PERMANENCIA-;EXTRACOMISIONADO 10;120;70.00
2439;ALTA-PORTA PREPAGO-RED L PLUS-PERMANENCIA-;EXTRACOMISIONADO 20;120;70.00
2440;ALTA-PORTA PREPAGO-RED XL-PERMANENCIA-;NO EXTRA;120;70.00
2441;ALTA-PORTA PREPAGO-RED XL-PERMANENCIA-;EXTRACOMISIONADO 5;120;70.00
2442;ALTA-PORTA PREPAGO-RED XL-PERMANENCIA-;EXTRACOMISIONADO 10;120;70.00
2443;ALTA-PORTA PREPAGO-RED XL-PERMANENCIA-;EXTRACOMISIONADO 20;120;70.00
2444;ALTA-PORTA PREPAGO-RED XXL-PERMANENCIA-;NO EXTRA;120;70.00
2445;ALTA-PORTA PREPAGO-RED XXL-PERMANENCIA-;EXTRACOMISIONADO 5;120;70.00
2446;ALTA-PORTA PREPAGO-RED XXL-PERMANENCIA-;EXTRACOMISIONADO 10;120;70.00
2447;ALTA-PORTA PREPAGO-RED XXL-PERMANENCIA-;EXTRACOMISIONADO 20;120;70.00
2448;ALTA-PORTA PREPAGO-SUPERYUSER-PERMANENCIA-;NO EXTRA;25;30.00
2449;ALTA-PORTA PREPAGO-SUPERYUSER-PERMANENCIA-;EXTRACOMISIONADO 5;25;30.00
2450;ALTA-PORTA PREPAGO-SUPERYUSER-PERMANENCIA-;EXTRACOMISIONADO 10;25;30.00
2451;ALTA-PORTA PREPAGO-SUPERYUSER-PERMANENCIA-;EXTRACOMISIONADO 20;25;30.00
2452;ALTA-PORTA PREPAGO-ONE XL-PERMANENCIA-;NO EXTRA;130;70.00
2453;ALTA-PORTA PREPAGO-ONE XL-PERMANENCIA-;EXTRACOMISIONADO 5;130;70.00
2454;ALTA-PORTA PREPAGO-ONE XL-PERMANENCIA-;EXTRACOMISIONADO 10;130;70.00
2455;ALTA-PORTA PREPAGO-ONE XL-PERMANENCIA-;EXTRACOMISIONADO 20;130;70.00
2456;ALTA-PORTA PREPAGO-ONE FAMILIA-PERMANENCIA-;NO EXTRA;54;60.00
2457;ALTA-PORTA PREPAGO-ONE FAMILIA-PERMANENCIA-;EXTRACOMISIONADO 5;54;60.00
2458;ALTA-PORTA PREPAGO-ONE FAMILIA-PERMANENCIA-;EXTRACOMISIONADO 10;54;60.00
2459;ALTA-PORTA PREPAGO-ONE FAMILIA-PERMANENCIA-;EXTRACOMISIONADO 20;54;60.00
2460;ALTA-PORTA PREPAGO-ONE FAMILIA ILIMITADA-PERMANENCIA-;NO EXTRA;88;70.00
2461;ALTA-PORTA PREPAGO-ONE FAMILIA ILIMITADA-PERMANENCIA-;EXTRACOMISIONADO 5;88;70.00
2462;ALTA-PORTA PREPAGO-ONE FAMILIA ILIMITADA-PERMANENCIA-;EXTRACOMISIONADO 10;88;70.00
2463;ALTA-PORTA PREPAGO-ONE FAMILIA ILIMITADA-PERMANENCIA-;EXTRACOMISIONADO 20;88;70.00
2464;ALTA-PORTA PREPAGO-+ LINEA MINI-PERMANENCIA-;NO EXTRA;10;30.00
2465;ALTA-PORTA PREPAGO-+ LINEA MINI-PERMANENCIA-;EXTRACOMISIONADO 5;10;30.00
2466;ALTA-PORTA PREPAGO-+ LINEA MINI-PERMANENCIA-;EXTRACOMISIONADO 10;10;30.00
2467;ALTA-PORTA PREPAGO-+ LINEA MINI-PERMANENCIA-;EXTRACOMISIONADO 20;10;30.00
2468;ALTA-PORTA PREPAGO-+ LINEA MINI S-PERMANENCIA-;NO EXTRA;10;30.00
2469;ALTA-PORTA PREPAGO-+ LINEA MINI S-PERMANENCIA-;EXTRACOMISIONADO 5;10;30.00
2470;ALTA-PORTA PREPAGO-+ LINEA MINI S-PERMANENCIA-;EXTRACOMISIONADO 10;10;30.00
2471;ALTA-PORTA PREPAGO-+ LINEA MINI S-PERMANENCIA-;EXTRACOMISIONADO 20;10;30.00
2472;ALTA-PORTA PREPAGO-+ LINEAS YU-PERMANENCIA-;NO EXTRA;20;30.00
2473;ALTA-PORTA PREPAGO-+ LINEAS YU-PERMANENCIA-;EXTRACOMISIONADO 5;20;30.00
2474;ALTA-PORTA PREPAGO-+ LINEAS YU-PERMANENCIA-;EXTRACOMISIONADO 10;20;30.00
2475;ALTA-PORTA PREPAGO-+ LINEAS YU-PERMANENCIA-;EXTRACOMISIONADO 20;20;30.00
2476;ALTA-MIGRA-SMART XS-PERMANENCIA-;NO EXTRA;15;30.00
2477;ALTA-MIGRA-SMART XS-PERMANENCIA-;EXTRACOMISIONADO 5;15;30.00
2478;ALTA-MIGRA-SMART XS-PERMANENCIA-;EXTRACOMISIONADO 10;15;30.00
2479;ALTA-MIGRA-SMART XS-PERMANENCIA-;EXTRACOMISIONADO 20;15;30.00
2480;ALTA-MIGRA-SMART L-PERMANENCIA-;NO EXTRA;45;45.00
2481;ALTA-MIGRA-SMART L-PERMANENCIA-;EXTRACOMISIONADO 5;45;45.00
2482;ALTA-MIGRA-SMART L-PERMANENCIA-;EXTRACOMISIONADO 10;45;45.00
2483;ALTA-MIGRA-SMART L-PERMANENCIA-;EXTRACOMISIONADO 20;45;45.00
2484;ALTA-MIGRA-RED M PLUS-PERMANENCIA-;NO EXTRA;45;60.00
2485;ALTA-MIGRA-RED M PLUS-PERMANENCIA-;EXTRACOMISIONADO 5;45;60.00
2486;ALTA-MIGRA-RED M PLUS-PERMANENCIA-;EXTRACOMISIONADO 10;45;60.00
2487;ALTA-MIGRA-RED M PLUS-PERMANENCIA-;EXTRACOMISIONADO 20;45;60.00
2488;ALTA-MIGRA-RED L PLUS-PERMANENCIA-;NO EXTRA;45;70.00
2489;ALTA-MIGRA-RED L PLUS-PERMANENCIA-;EXTRACOMISIONADO 5;45;70.00
2490;ALTA-MIGRA-RED L PLUS-PERMANENCIA-;EXTRACOMISIONADO 10;45;70.00
2491;ALTA-MIGRA-RED L PLUS-PERMANENCIA-;EXTRACOMISIONADO 20;45;70.00
2492;ALTA-MIGRA-RED XL-PERMANENCIA-;NO EXTRA;45;70.00
2493;ALTA-MIGRA-RED XL-PERMANENCIA-;EXTRACOMISIONADO 5;45;70.00
2494;ALTA-MIGRA-RED XL-PERMANENCIA-;EXTRACOMISIONADO 10;45;70.00
2495;ALTA-MIGRA-RED XL-PERMANENCIA-;EXTRACOMISIONADO 20;45;70.00
2496;ALTA-MIGRA-RED XXL-PERMANENCIA-;NO EXTRA;45;70.00
2497;ALTA-MIGRA-RED XXL-PERMANENCIA-;EXTRACOMISIONADO 5;45;70.00
2498;ALTA-MIGRA-RED XXL-PERMANENCIA-;EXTRACOMISIONADO 10;45;70.00
2499;ALTA-MIGRA-RED XXL-PERMANENCIA-;EXTRACOMISIONADO 20;45;70.00
2500;ALTA-MIGRA-SUPERYUSER-PERMANENCIA-;NO EXTRA;25;30.00
2501;ALTA-MIGRA-SUPERYUSER-PERMANENCIA-;EXTRACOMISIONADO 5;25;30.00
2502;ALTA-MIGRA-SUPERYUSER-PERMANENCIA-;EXTRACOMISIONADO 10;25;30.00
2503;ALTA-MIGRA-SUPERYUSER-PERMANENCIA-;EXTRACOMISIONADO 20;25;30.00
2504;ALTA-MIGRA-ONE XL-PERMANENCIA-;NO EXTRA;50;70.00
2505;ALTA-MIGRA-ONE XL-PERMANENCIA-;EXTRACOMISIONADO 5;50;70.00
2506;ALTA-MIGRA-ONE XL-PERMANENCIA-;EXTRACOMISIONADO 10;50;70.00
2507;ALTA-MIGRA-ONE XL-PERMANENCIA-;EXTRACOMISIONADO 20;50;70.00
2508;ALTA-MIGRA-ONE FAMILIA-PERMANENCIA-;NO EXTRA;50;60.00
2509;ALTA-MIGRA-ONE FAMILIA-PERMANENCIA-;EXTRACOMISIONADO 5;50;60.00
2510;ALTA-MIGRA-ONE FAMILIA-PERMANENCIA-;EXTRACOMISIONADO 10;50;60.00
2511;ALTA-MIGRA-ONE FAMILIA-PERMANENCIA-;EXTRACOMISIONADO 20;50;60.00
2512;ALTA-MIGRA-ONE FAMILIA ILIMITADA-PERMANENCIA-;NO EXTRA;50;70.00
2513;ALTA-MIGRA-ONE FAMILIA ILIMITADA-PERMANENCIA-;EXTRACOMISIONADO 5;50;70.00
2514;ALTA-MIGRA-ONE FAMILIA ILIMITADA-PERMANENCIA-;EXTRACOMISIONADO 10;50;70.00
2515;ALTA-MIGRA-ONE FAMILIA ILIMITADA-PERMANENCIA-;EXTRACOMISIONADO 20;50;70.00
2516;ALTA-MIGRA-+ LINEA MINI-PERMANENCIA-;NO EXTRA;5;30.00
2517;ALTA-MIGRA-+ LINEA MINI-PERMANENCIA-;EXTRACOMISIONADO 5;5;30.00
2518;ALTA-MIGRA-+ LINEA MINI-PERMANENCIA-;EXTRACOMISIONADO 10;5;30.00
2519;ALTA-MIGRA-+ LINEA MINI-PERMANENCIA-;EXTRACOMISIONADO 20;5;30.00
2520;ALTA-MIGRA-+ LINEA MINI S-PERMANENCIA-;NO EXTRA;5;30.00
2521;ALTA-MIGRA-+ LINEA MINI S-PERMANENCIA-;EXTRACOMISIONADO 5;5;30.00
2522;ALTA-MIGRA-+ LINEA MINI S-PERMANENCIA-;EXTRACOMISIONADO 10;5;30.00
2523;ALTA-MIGRA-+ LINEA MINI S-PERMANENCIA-;EXTRACOMISIONADO 20;5;30.00
2524;ALTA-MIGRA-+ LINEAS YU-PERMANENCIA-;NO EXTRA;10;30.00
2525;ALTA-MIGRA-+ LINEAS YU-PERMANENCIA-;EXTRACOMISIONADO 5;10;30.00
2526;ALTA-MIGRA-+ LINEAS YU-PERMANENCIA-;EXTRACOMISIONADO 10;10;30.00
2527;ALTA-MIGRA-+ LINEAS YU-PERMANENCIA-;EXTRACOMISIONADO 20;10;30.00
2558;COTO-VERDE-SUPERYUSER-;TERMINAL EXTRA 5;20;5.00
2559;COTO-VERDE-SUPERYUSER-;TERMINAL EXTRA 10;20;5.00
2560;COTO-VERDE-SUPERYUSER-;TERMINAL EXTRA 20;20;5.00
2561;COTO-VERDE-SUPERYUSER-;NO EXTRA;20;5.00
2562;COTO-VERDE-SUPERYUSER-;15%;20;5.00
2563;COTO-VERDE-ONE S LIGHT-;TERMINAL EXTRA 5;20;5.00
2564;COTO-VERDE-ONE S LIGHT-;TERMINAL EXTRA 10;20;5.00
2565;COTO-VERDE-ONE S LIGHT-;TERMINAL EXTRA 20;20;5.00
2566;COTO-VERDE-ONE S LIGHT-;NO EXTRA;20;5.00
2567;COTO-VERDE-ONE S LIGHT-;15%;20;5.00
2568;COTO-VERDE-ONE FAMILIA-;TERMINAL EXTRA 5;20;5.00
2569;COTO-VERDE-ONE FAMILIA-;TERMINAL EXTRA 10;20;5.00
2570;COTO-VERDE-ONE FAMILIA-;TERMINAL EXTRA 20;20;5.00
2571;COTO-VERDE-ONE FAMILIA-;NO EXTRA;20;5.00
2572;COTO-VERDE-ONE FAMILIA-;15%;20;5.00
2573;COTO-VERDE-ONE FAMILIA ILIMITADA-;TERMINAL EXTRA 5;40;5.00
2574;COTO-VERDE-ONE FAMILIA ILIMITADA-;TERMINAL EXTRA 10;40;5.00
2575;COTO-VERDE-ONE FAMILIA ILIMITADA-;TERMINAL EXTRA 20;40;5.00
2576;COTO-VERDE-ONE FAMILIA ILIMITADA-;NO EXTRA;40;5.00
2577;COTO-VERDE-ONE FAMILIA ILIMITADA-;15%;40;5.00
2578;COTO-VERDE-+ LINEA MINI XS-;TERMINAL EXTRA 5;10;5.00
2579;COTO-VERDE-+ LINEA MINI XS-;TERMINAL EXTRA 10;10;5.00
2580;COTO-VERDE-+ LINEA MINI XS-;TERMINAL EXTRA 20;10;5.00
2581;COTO-VERDE-+ LINEA MINI XS-;NO EXTRA;10;5.00
2582;COTO-VERDE-+ LINEA MINI XS-;15%;10;5.00
2583;COTO-VERDE-+ LINEA MINI S-;TERMINAL EXTRA 5;10;5.00
2584;COTO-VERDE-+ LINEA MINI S-;TERMINAL EXTRA 10;10;5.00
2585;COTO-VERDE-+ LINEA MINI S-;TERMINAL EXTRA 20;10;5.00
2586;COTO-VERDE-+ LINEA MINI S-;NO EXTRA;10;5.00
2587;COTO-VERDE-+ LINEA MINI S-;15%;10;5.00
2588;COTO-GRIS-SUPERYUSER-;TERMINAL EXTRA 5;6;5.00
2589;COTO-GRIS-SUPERYUSER-;TERMINAL EXTRA 10;6;5.00
2590;COTO-GRIS-SUPERYUSER-;TERMINAL EXTRA 20;6;5.00
2591;COTO-GRIS-SUPERYUSER-;NO EXTRA;6;5.00
2592;COTO-GRIS-SUPERYUSER-;15%;6;5.00
2593;COTO-GRIS-ONE S LIGHT-;TERMINAL EXTRA 5;6;5.00
2594;COTO-GRIS-ONE S LIGHT-;TERMINAL EXTRA 10;6;5.00
2595;COTO-GRIS-ONE S LIGHT-;TERMINAL EXTRA 20;6;5.00
2596;COTO-GRIS-ONE S LIGHT-;NO EXTRA;6;5.00
2597;COTO-GRIS-ONE S LIGHT-;15%;6;5.00
2598;COTO-GRIS-ONE FAMILIA-;TERMINAL EXTRA 5;6;5.00
2599;COTO-GRIS-ONE FAMILIA-;TERMINAL EXTRA 10;6;5.00
2600;COTO-GRIS-ONE FAMILIA-;TERMINAL EXTRA 20;6;5.00
2601;COTO-GRIS-ONE FAMILIA-;NO EXTRA;6;5.00
2602;COTO-GRIS-ONE FAMILIA-;15%;6;5.00
2603;COTO-GRIS-ONE FAMILIA ILIMITADA-;TERMINAL EXTRA 5;36;5.00
2604;COTO-GRIS-ONE FAMILIA ILIMITADA-;TERMINAL EXTRA 10;36;5.00
2605;COTO-GRIS-ONE FAMILIA ILIMITADA-;TERMINAL EXTRA 20;36;5.00
2606;COTO-GRIS-ONE FAMILIA ILIMITADA-;NO EXTRA;36;5.00
2607;COTO-GRIS-ONE FAMILIA ILIMITADA-;15%;36;5.00
2608;COTO-GRIS-+ LINEA MINI XS-;TERMINAL EXTRA 5;3;5.00
2609;COTO-GRIS-+ LINEA MINI XS-;TERMINAL EXTRA 10;3;5.00
2610;COTO-GRIS-+ LINEA MINI XS-;TERMINAL EXTRA 20;3;5.00
2611;COTO-GRIS-+ LINEA MINI XS-;NO EXTRA;3;5.00
2612;COTO-GRIS-+ LINEA MINI XS-;15%;3;5.00
2613;COTO-GRIS-+ LINEA MINI S-;TERMINAL EXTRA 5;5;5.00
2614;COTO-GRIS-+ LINEA MINI S-;TERMINAL EXTRA 10;5;5.00
2615;COTO-GRIS-+ LINEA MINI S-;TERMINAL EXTRA 20;5;5.00
2616;COTO-GRIS-+ LINEA MINI S-;NO EXTRA;5;5.00
2617;COTO-GRIS-+ LINEA MINI S-;15%;5;5.00
2618;COTO-AMBAR-SUPERYUSER-;TERMINAL EXTRA 5;3;5.00
2619;COTO-AMBAR-SUPERYUSER-;TERMINAL EXTRA 10;3;5.00
2620;COTO-AMBAR-SUPERYUSER-;TERMINAL EXTRA 20;3;5.00
2621;COTO-AMBAR-SUPERYUSER-;NO EXTRA;3;5.00
2622;COTO-AMBAR-SUPERYUSER-;15%;3;5.00
2623;COTO-AMBAR-ONE S LIGHT-;TERMINAL EXTRA 5;3;5.00
2624;COTO-AMBAR-ONE S LIGHT-;TERMINAL EXTRA 10;3;5.00
2625;COTO-AMBAR-ONE S LIGHT-;TERMINAL EXTRA 20;3;5.00
2626;COTO-AMBAR-ONE S LIGHT-;NO EXTRA;3;5.00
2627;COTO-AMBAR-ONE S LIGHT-;15%;3;5.00
2628;COTO-AMBAR-ONE FAMILIA-;TERMINAL EXTRA 5;3;5.00
2629;COTO-AMBAR-ONE FAMILIA-;TERMINAL EXTRA 10;3;5.00
2630;COTO-AMBAR-ONE FAMILIA-;TERMINAL EXTRA 20;3;5.00
2631;COTO-AMBAR-ONE FAMILIA-;NO EXTRA;3;5.00
2632;COTO-AMBAR-ONE FAMILIA-;15%;3;5.00
2633;COTO-AMBAR-ONE FAMILIA ILIMITADA-;TERMINAL EXTRA 5;15;5.00
2634;COTO-AMBAR-ONE FAMILIA ILIMITADA-;TERMINAL EXTRA 10;15;5.00
2635;COTO-AMBAR-ONE FAMILIA ILIMITADA-;TERMINAL EXTRA 20;15;5.00
2636;COTO-AMBAR-ONE FAMILIA ILIMITADA-;NO EXTRA;15;5.00
2637;COTO-AMBAR-ONE FAMILIA ILIMITADA-;15%;15;5.00
2638;COTO-AMBAR-+ LINEA MINI XS-;TERMINAL EXTRA 5;3;5.00
2639;COTO-AMBAR-+ LINEA MINI XS-;TERMINAL EXTRA 10;3;5.00
2640;COTO-AMBAR-+ LINEA MINI XS-;TERMINAL EXTRA 20;3;5.00
2641;COTO-AMBAR-+ LINEA MINI XS-;NO EXTRA;3;5.00
2642;COTO-AMBAR-+ LINEA MINI XS-;15%;3;5.00
2643;COTO-AMBAR-+ LINEA MINI S-;TERMINAL EXTRA 5;3;5.00
2644;COTO-AMBAR-+ LINEA MINI S-;TERMINAL EXTRA 10;3;5.00
2645;COTO-AMBAR-+ LINEA MINI S-;TERMINAL EXTRA 20;3;5.00
2646;COTO-AMBAR-+ LINEA MINI S-;NO EXTRA;3;5.00
2647;COTO-AMBAR-+ LINEA MINI S-;15%;3;5.00
2648;COTO-NO RECO-SUPERYUSER-;TERMINAL EXTRA 5;3;5.00
2649;COTO-NO RECO-SUPERYUSER-;TERMINAL EXTRA 10;3;5.00
2650;COTO-NO RECO-SUPERYUSER-;TERMINAL EXTRA 20;3;5.00
2651;COTO-NO RECO-SUPERYUSER-;NO EXTRA;3;5.00
2652;COTO-NO RECO-SUPERYUSER-;15%;3;5.00
2653;COTO-NO RECO-ONE S LIGHT-;TERMINAL EXTRA 5;3;5.00
2654;COTO-NO RECO-ONE S LIGHT-;TERMINAL EXTRA 10;3;5.00
2655;COTO-NO RECO-ONE S LIGHT-;TERMINAL EXTRA 20;3;5.00
2656;COTO-NO RECO-ONE S LIGHT-;NO EXTRA;3;5.00
2657;COTO-NO RECO-ONE S LIGHT-;15%;3;5.00
2658;COTO-NO RECO-ONE FAMILIA-;TERMINAL EXTRA 5;3;5.00
2659;COTO-NO RECO-ONE FAMILIA-;TERMINAL EXTRA 10;3;5.00
2660;COTO-NO RECO-ONE FAMILIA-;TERMINAL EXTRA 20;3;5.00
2661;COTO-NO RECO-ONE FAMILIA-;NO EXTRA;3;5.00
2662;COTO-NO RECO-ONE FAMILIA-;15%;3;5.00
2663;COTO-NO RECO-ONE FAMILIA ILIMITADA-;TERMINAL EXTRA 5;15;5.00
2664;COTO-NO RECO-ONE FAMILIA ILIMITADA-;TERMINAL EXTRA 10;15;5.00
2665;COTO-NO RECO-ONE FAMILIA ILIMITADA-;TERMINAL EXTRA 20;15;5.00
2666;COTO-NO RECO-ONE FAMILIA ILIMITADA-;NO EXTRA;15;5.00
2667;COTO-NO RECO-ONE FAMILIA ILIMITADA-;15%;15;5.00
2668;COTO-NO RECO-+ LINEA MINI XS-;TERMINAL EXTRA 5;3;5.00
2669;COTO-NO RECO-+ LINEA MINI XS-;TERMINAL EXTRA 10;3;5.00
2670;COTO-NO RECO-+ LINEA MINI XS-;TERMINAL EXTRA 20;3;5.00
2671;COTO-NO RECO-+ LINEA MINI XS-;NO EXTRA;3;5.00
2672;COTO-NO RECO-+ LINEA MINI XS-;15%;3;5.00
2673;COTO-NO RECO-+ LINEA MINI S-;TERMINAL EXTRA 5;3;5.00
2674;COTO-NO RECO-+ LINEA MINI S-;TERMINAL EXTRA 10;3;5.00
2675;COTO-NO RECO-+ LINEA MINI S-;TERMINAL EXTRA 20;3;5.00
2676;COTO-NO RECO-+ LINEA MINI S-;NO EXTRA;3;5.00
2677;COTO-NO RECO-+ LINEA MINI S-;15%;3;5.00
2678;COTO-ROJO-SUPERYUSER-;TERMINAL EXTRA 5;3;5.00
2679;COTO-ROJO-SUPERYUSER-;TERMINAL EXTRA 10;3;5.00
2680;COTO-ROJO-SUPERYUSER-;TERMINAL EXTRA 20;3;5.00
2681;COTO-ROJO-SUPERYUSER-;NO EXTRA;3;5.00
2682;COTO-ROJO-SUPERYUSER-;15%;3;5.00
2683;COTO-ROJO-ONE S LIGHT-;TERMINAL EXTRA 5;3;5.00
2684;COTO-ROJO-ONE S LIGHT-;TERMINAL EXTRA 10;3;5.00
2685;COTO-ROJO-ONE S LIGHT-;TERMINAL EXTRA 20;3;5.00
2686;COTO-ROJO-ONE S LIGHT-;NO EXTRA;3;5.00
2687;COTO-ROJO-ONE S LIGHT-;15%;3;5.00
2688;COTO-ROJO-ONE FAMILIA-;TERMINAL EXTRA 5;3;5.00
2689;COTO-ROJO-ONE FAMILIA-;TERMINAL EXTRA 10;3;5.00
2690;COTO-ROJO-ONE FAMILIA-;TERMINAL EXTRA 20;3;5.00
2691;COTO-ROJO-ONE FAMILIA-;NO EXTRA;3;5.00
2692;COTO-ROJO-ONE FAMILIA-;15%;3;5.00
2693;COTO-ROJO-ONE FAMILIA ILIMITADA-;TERMINAL EXTRA 5;5;5.00
2694;COTO-ROJO-ONE FAMILIA ILIMITADA-;TERMINAL EXTRA 10;5;5.00
2695;COTO-ROJO-ONE FAMILIA ILIMITADA-;TERMINAL EXTRA 20;5;5.00
2696;COTO-ROJO-ONE FAMILIA ILIMITADA-;NO EXTRA;5;5.00
2697;COTO-ROJO-ONE FAMILIA ILIMITADA-;15%;5;5.00
2698;COTO-ROJO-+ LINEA MINI XS-;TERMINAL EXTRA 5;3;5.00
2699;COTO-ROJO-+ LINEA MINI XS-;TERMINAL EXTRA 10;3;5.00
2700;COTO-ROJO-+ LINEA MINI XS-;TERMINAL EXTRA 20;3;5.00
2701;COTO-ROJO-+ LINEA MINI XS-;NO EXTRA;3;5.00
2702;COTO-ROJO-+ LINEA MINI XS-;15%;3;5.00
2703;COTO-ROJO-+ LINEA MINI S-;TERMINAL EXTRA 5;3;5.00
2704;COTO-ROJO-+ LINEA MINI S-;TERMINAL EXTRA 10;3;5.00
2705;COTO-ROJO-+ LINEA MINI S-;TERMINAL EXTRA 20;3;5.00
2706;COTO-ROJO-+ LINEA MINI S-;NO EXTRA;3;5.00
2707;COTO-ROJO-+ LINEA MINI S-;15%;3;5.00
2710;LPD-INTERNET MOVIL M-;SIN PERMANENCIA;15;30.00
2711;LPD-INTERNET MOVIL M-;CON PERMANENCIA;50;30.00
2712;LPD-INTERNET MOVIL S-;SIN PERMANENCIA;5;30.00
2713;LPD-INTERNET MOVIL S-;CON PERMANENCIA;20;30.00
2714;LPD-MAS LINEA DATOS-;SIN PERMANENCIA;1;30.00
2715;LPD-MAS LINEA DATOS-;CON PERMANENCIA;10;30.00
2716;LPD-MAS LINEA DATOS M-;SIN PERMANENCIA;10;30.00
2717;LPD-MAS LINEA DATOS M-;CON PERMANENCIA;30;30.00
2718;LPD-MAS LINEA DATOS S-;SIN PERMANENCIA;5;30.00
2719;LPD-MAS LINEA DATOS S-;CON PERMANENCIA;15;30.00
2720;LPD-OFICINA 4G - Microempresa-;SIN PERMANENCIA;20;30.00
2721;LPD-OFICINA 4G - Microempresa-;CON PERMANENCIA;60;30.00
2722;LPD-VIETC - 50Gb.-;SIN PERMANENCIA;1;30.00
2723;LPD-VIETC - 50Gb.-;CON PERMANENCIA;10;30.00
2724;LPD-LINEA VACACIONES-FIN DE SEMANA-;SIN PERMANENCIA;1;30.00
2725;LPD-LINEA VACACIONES-FIN DE SEMANA-;CON PERMANENCIA;5;30.00
2726;LPD-LINEA VACACIONES-MES-;SIN PERMANENCIA;10;30.00
2727;LPD-LINEA VACACIONES-MES-;CON PERMANENCIA;20;30.00
2728;LPD-LINEA VACACIONES-SEMANA-;SIN PERMANENCIA;5;30.00
2729;LPD-LINEA VACACIONES-SEMANA-;CON PERMANENCIA;10;30.00
2731;EMPRESA-;HORECA;88;50.00
2732;EMPRESA-;SOLUCION PROFESIONAL;8;20.00
2733;EMPRESA-;SOLUCION PROFESIONAL ALTO VALOR;8;50.00
2743;ALTA-NUEVA-+ LINEA FAMILIA-;SIMONLY;15;30.00
2745;ALTA-NUEVA-+ LINEA FAMILIA ILIMITADO-;SIMONLY;15;45
2747;ALTA-PORTA POSPAGO-+ LINEA FAMILIA-;SIMONLY;15;30.00
2749;ALTA-PORTA POSPAGO-+ LINEA FAMILIA ILIMITADO-;SIMONLY;15;45
2751;ALTA-PORTA PREPAGO-+ LINEA FAMILIA-;SIMONLY;15;30.00
2753;ALTA-PORTA PREPAGO-+ LINEA FAMILIA ILIMITADO-;SIMONLY;15;45
2755;ALTA-MIGRA-+ LINEA FAMILIA-;SIMONLY;10;30.00
2757;ALTA-MIGRA-+ LINEA FAMILIA ILIMITADO-;SIMONLY;10;45
2758;ALTA-NUEVA-+ LINEA FAMILIA-PERMANENCIA-;EXTRACOMISIONADO 5;25;30.00
2759;ALTA-NUEVA-+ LINEA FAMILIA-PERMANENCIA-;EXTRACOMISIONADO 10;25;30.00
2760;ALTA-NUEVA-+ LINEA FAMILIA-PERMANENCIA-;EXTRACOMISIONADO 20;25;30.00
2761;ALTA-NUEVA-+ LINEA FAMILIA-PERMANENCIA-;NO EXTRA;25;30.00
2762;ALTA-NUEVA-+ LINEA FAMILIA ILIMITADO-PERMANENCIA-;EXTRACOMISIONADO 5;25;45
2763;ALTA-NUEVA-+ LINEA FAMILIA ILIMITADO-PERMANENCIA-;EXTRACOMISIONADO 10;25;45
2764;ALTA-NUEVA-+ LINEA FAMILIA ILIMITADO-PERMANENCIA-;EXTRACOMISIONADO 20;25;45
2765;ALTA-NUEVA-+ LINEA FAMILIA ILIMITADO-PERMANENCIA-;NO EXTRA;25;45
2766;ALTA-PORTA POSPAGO-+ LINEA FAMILIA-PERMANENCIA-;EXTRACOMISIONADO 5;25;30.00
2767;ALTA-PORTA POSPAGO-+ LINEA FAMILIA-PERMANENCIA-;EXTRACOMISIONADO 10;25;30.00
2768;ALTA-PORTA POSPAGO-+ LINEA FAMILIA-PERMANENCIA-;EXTRACOMISIONADO 20;25;30.00
2769;ALTA-PORTA POSPAGO-+ LINEA FAMILIA-PERMANENCIA-;NO EXTRA;25;30.00
2770;ALTA-PORTA POSPAGO-+ LINEA FAMILIA ILIMITADO-PERMANENCIA-;EXTRACOMISIONADO 5;25;45
2771;ALTA-PORTA POSPAGO-+ LINEA FAMILIA ILIMITADO-PERMANENCIA-;EXTRACOMISIONADO 10;25;45
2772;ALTA-PORTA POSPAGO-+ LINEA FAMILIA ILIMITADO-PERMANENCIA-;EXTRACOMISIONADO 20;25;45
2773;ALTA-PORTA POSPAGO-+ LINEA FAMILIA ILIMITADO-PERMANENCIA-;NO EXTRA;25;45
2774;ALTA-PORTA PREPAGO-+ LINEA FAMILIA-PERMANENCIA-;EXTRACOMISIONADO 5;25;30.00
2775;ALTA-PORTA PREPAGO-+ LINEA FAMILIA-PERMANENCIA-;EXTRACOMISIONADO 10;25;30.00
2776;ALTA-PORTA PREPAGO-+ LINEA FAMILIA-PERMANENCIA-;EXTRACOMISIONADO 20;25;30.00
2777;ALTA-PORTA PREPAGO-+ LINEA FAMILIA-PERMANENCIA-;NO EXTRA;25;30.00
2778;ALTA-PORTA PREPAGO-+ LINEA FAMILIA ILIMITADO-PERMANENCIA-;EXTRACOMISIONADO 5;25;45
2779;ALTA-PORTA PREPAGO-+ LINEA FAMILIA ILIMITADO-PERMANENCIA-;EXTRACOMISIONADO 10;25;45
2780;ALTA-PORTA PREPAGO-+ LINEA FAMILIA ILIMITADO-PERMANENCIA-;EXTRACOMISIONADO 20;25;45
2781;ALTA-PORTA PREPAGO-+ LINEA FAMILIA ILIMITADO-PERMANENCIA-;NO EXTRA;25;45
2782;ALTA-MIGRA-+ LINEA FAMILIA-PERMANENCIA-;EXTRACOMISIONADO 5;15;30.00
2783;ALTA-MIGRA-+ LINEA FAMILIA-PERMANENCIA-;EXTRACOMISIONADO 10;15;30.00
2784;ALTA-MIGRA-+ LINEA FAMILIA-PERMANENCIA-;EXTRACOMISIONADO 20;15;30.00
2785;ALTA-MIGRA-+ LINEA FAMILIA-PERMANENCIA-;NO EXTRA;15;30.00
2786;ALTA-MIGRA-+ LINEA FAMILIA ILIMITADO-PERMANENCIA-;EXTRACOMISIONADO 5;20;45
2787;ALTA-MIGRA-+ LINEA FAMILIA ILIMITADO-PERMANENCIA-;EXTRACOMISIONADO 10;20;45
2788;ALTA-MIGRA-+ LINEA FAMILIA ILIMITADO-PERMANENCIA-;EXTRACOMISIONADO 20;20;45
2789;ALTA-MIGRA-+ LINEA FAMILIA ILIMITADO-PERMANENCIA-;NO EXTRA;20;45
2800;COTO-VERDE-+ LINEA FAMILIA-;TERMINAL EXTRA (5);25;5.00
2801;COTO-VERDE-+ LINEA FAMILIA-;TERMINAL EXTRA (10);25;5.00
2802;COTO-VERDE-+ LINEA FAMILIA-;TERMINAL EXTRA (20);25;5.00
2803;COTO-VERDE-+ LINEA FAMILIA-;NO EXTRA;25;5.00
2804;COTO-VERDE-+ LINEA FAMILIA-;15%;25;5.00
2805;COTO-VERDE-+ LINEA FAMILIA ILIMITADO-;TERMINAL EXTRA (5);65;5.00
2806;COTO-VERDE-+ LINEA FAMILIA ILIMITADO-;TERMINAL EXTRA (10);65;5.00
2807;COTO-VERDE-+ LINEA FAMILIA ILIMITADO-;TERMINAL EXTRA (20);65;5.00
2808;COTO-VERDE-+ LINEA FAMILIA ILIMITADO-;NO EXTRA;65;5.00
2809;COTO-VERDE-+ LINEA FAMILIA ILIMITADO-;15%;65;5.00
2810;COTO-GRIS-+ LINEA FAMILIA-;TERMINAL EXTRA (5);8;5.00
2811;COTO-GRIS-+ LINEA FAMILIA-;TERMINAL EXTRA (10);8;5.00
2812;COTO-GRIS-+ LINEA FAMILIA-;TERMINAL EXTRA (20);8;5.00
2813;COTO-GRIS-+ LINEA FAMILIA-;NO EXTRA;8;5.00
2814;COTO-GRIS-+ LINEA FAMILIA-;15%;8;5.00
2815;COTO-GRIS-+ LINEA FAMILIA ILIMITADO-;TERMINAL EXTRA (5);46;5.00
2816;COTO-GRIS-+ LINEA FAMILIA ILIMITADO-;TERMINAL EXTRA (10);46;5.00
2817;COTO-GRIS-+ LINEA FAMILIA ILIMITADO-;TERMINAL EXTRA (20);46;5.00
2818;COTO-GRIS-+ LINEA FAMILIA ILIMITADO-;NO EXTRA;46;5.00
2819;COTO-GRIS-+ LINEA FAMILIA ILIMITADO-;15%;46;5.00
2820;COTO-AMBAR-+ LINEA FAMILIA-;TERMINAL EXTRA (5);8;5.00
2821;COTO-AMBAR-+ LINEA FAMILIA-;TERMINAL EXTRA (10);8;5.00
2822;COTO-AMBAR-+ LINEA FAMILIA-;TERMINAL EXTRA (20);8;5.00
2823;COTO-AMBAR-+ LINEA FAMILIA-;NO EXTRA;8;5.00
2824;COTO-AMBAR-+ LINEA FAMILIA-;15%;8;5.00
2825;COTO-AMBAR-+ LINEA FAMILIA ILIMITADO-;TERMINAL EXTRA (5);20;5.00
2826;COTO-AMBAR-+ LINEA FAMILIA ILIMITADO-;TERMINAL EXTRA (10);20;5.00
2827;COTO-AMBAR-+ LINEA FAMILIA ILIMITADO-;TERMINAL EXTRA (20);20;5.00
2828;COTO-AMBAR-+ LINEA FAMILIA ILIMITADO-;NO EXTRA;20;5.00
2829;COTO-AMBAR-+ LINEA FAMILIA ILIMITADO-;15%;20;5.00
2830;COTO-NO RECO-+ LINEA FAMILIA-;TERMINAL EXTRA (5);8;5.00
2831;COTO-NO RECO-+ LINEA FAMILIA-;TERMINAL EXTRA (10);8;5.00
2832;COTO-NO RECO-+ LINEA FAMILIA-;TERMINAL EXTRA (20);8;5.00
2833;COTO-NO RECO-+ LINEA FAMILIA-;NO EXTRA;8;5.00
2834;COTO-NO RECO-+ LINEA FAMILIA-;15%;8;5.00
2835;COTO-NO RECO-+ LINEA FAMILIA ILIMITADO-;TERMINAL EXTRA (5);20;5.00
2836;COTO-NO RECO-+ LINEA FAMILIA ILIMITADO-;TERMINAL EXTRA (10);20;5.00
2837;COTO-NO RECO-+ LINEA FAMILIA ILIMITADO-;TERMINAL EXTRA (20);20;5.00
2838;COTO-NO RECO-+ LINEA FAMILIA ILIMITADO-;NO EXTRA;20;5.00
2839;COTO-NO RECO-+ LINEA FAMILIA ILIMITADO-;15%;20;5.00
2840;COTO-ROJO-+ LINEA FAMILIA-;TERMINAL EXTRA (5);3;5.00
2841;COTO-ROJO-+ LINEA FAMILIA-;TERMINAL EXTRA (10);3;5.00
2842;COTO-ROJO-+ LINEA FAMILIA-;TERMINAL EXTRA (20);3;5.00
2843;COTO-ROJO-+ LINEA FAMILIA-;NO EXTRA;3;5.00
2844;COTO-ROJO-+ LINEA FAMILIA-;15%;3;5.00
2845;COTO-ROJO-+ LINEA FAMILIA ILIMITADO-;TERMINAL EXTRA (5);8;5.00
2846;COTO-ROJO-+ LINEA FAMILIA ILIMITADO-;TERMINAL EXTRA (10);8;5.00
2847;COTO-ROJO-+ LINEA FAMILIA ILIMITADO-;TERMINAL EXTRA (20);8;5.00
2848;COTO-ROJO-+ LINEA FAMILIA ILIMITADO-;NO EXTRA;8;5.00
2849;COTO-ROJO-+ LINEA FAMILIA ILIMITADO-;15%;8;5.00
2850;TV-;MOTOR;8;20.00
2851;FIJO-NUEVO-FIBRA NEBA-;30MB;30;40.00
2852;FIJO-NUEVO-FIBRA ONO-;30MB;30;40.00
2853;FIJO-PORTA-FIBRA NEBA-;30MB;20;40.00
2854;FIJO-PORTA-FIBRA ONO-;30MB;20;40.00
2855;FIJO-MIGRA-FIBRA NEBA-;30MB;20;40.00
2856;FIJO-MIGRA-FIBRA ONO-;30MB;20;40.00
2870;FIJO CAPTACION-NUEVO-ADSL-;DIRECTO;60;40
2871;FIJO CAPTACION-NUEVO-ADSL-;INDIRECTO;30;40
2872;FIJO CAPTACION-MIGRA-ADSL-;DIRECTO;1;40
2873;FIJO CAPTACION-MIGRA-ADSL-;INDIRECTO;1;40
2874;FIJO CAPTACION-PORTA-ADSL-;DIRECTO;1;40
2875;FIJO CAPTACION-PORTA-ADSL-;INDIRECTO;1;40
2876;FIJO CAPTACION-NUEVO-FIBRA ONO-;30MB;30;40
2877;FIJO CAPTACION-NUEVO-FIBRA ONO-;50MB;60;40
2878;FIJO CAPTACION-NUEVO-FIBRA ONO-;120MB;90;60
2879;FIJO CAPTACION-NUEVO-FIBRA ONO-;300MB;110;60
2880;FIJO CAPTACION-NUEVO-FIBRA ONO-;1GB;125;60
2881;FIJO CAPTACION-NUEVO-FIBRA NEBA-;30MB;30;40
2882;FIJO CAPTACION-NUEVO-FIBRA NEBA-;50MB;60;40
2883;FIJO CAPTACION-NUEVO-FIBRA NEBA-;120MB;90;60
2884;FIJO CAPTACION-NUEVO-FIBRA NEBA-;300MB;110;60
2885;FIJO CAPTACION-NUEVO-FIBRA NEBA-;1GB;125;60
2886;FIJO CAPTACION-MIGRA-FIBRA ONO-;30MB;20;40
2887;FIJO CAPTACION-MIGRA-FIBRA ONO-;50MB;25;40
2888;FIJO CAPTACION-MIGRA-FIBRA ONO-;120MB;30;60
2889;FIJO CAPTACION-MIGRA-FIBRA ONO-;300MB;45;60
2890;FIJO CAPTACION-MIGRA-FIBRA ONO-;1GB;60;60
2891;FIJO CAPTACION-MIGRA-FIBRA NEBA-;30MB;20;40
2892;FIJO CAPTACION-MIGRA-FIBRA NEBA-;50MB;25;40
2893;FIJO CAPTACION-MIGRA-FIBRA NEBA-;120MB;30;60
2894;FIJO CAPTACION-MIGRA-FIBRA NEBA-;300MB;45;60
2895;FIJO CAPTACION-MIGRA-FIBRA NEBA-;1GB;60;60
2896;FIJO CAPTACION-PORTA-FIBRA ONO-;30MB;20;40
2897;FIJO CAPTACION-PORTA-FIBRA ONO-;50MB;25;40
2898;FIJO CAPTACION-PORTA-FIBRA ONO-;120MB;30;60
2899;FIJO CAPTACION-PORTA-FIBRA ONO-;300MB;45;60
2900;FIJO CAPTACION-PORTA-FIBRA ONO-;1GB;60;60
2901;FIJO CAPTACION-PORTA-FIBRA NEBA-;30MB;20;40
2902;FIJO CAPTACION-PORTA-FIBRA NEBA-;50MB;25;40
2903;FIJO CAPTACION-PORTA-FIBRA NEBA-;120MB;30;60
2904;FIJO CAPTACION-PORTA-FIBRA NEBA-;300MB;45;60
2905;FIJO CAPTACION-PORTA-FIBRA NEBA-;1GB;60;60
2949;FIJO CAPTACION EMPRESAS-NUEVO-ADSL-;DIRECTO;60;40
2950;FIJO CAPTACION EMPRESAS-NUEVO-ADSL-;INDIRECTO;30;40
2951;FIJO CAPTACION EMPRESAS-MIGRA-ADSL-;DIRECTO;1;40
2952;FIJO CAPTACION EMPRESAS-MIGRA-ADSL-;INDIRECTO;1;40
2953;FIJO CAPTACION EMPRESAS-PORTA-ADSL-;DIRECTO;1;40
2954;FIJO CAPTACION EMPRESAS-PORTA-ADSL-;INDIRECTO;1;40
2955;FIJO CAPTACION EMPRESAS-NUEVO-FIBRA ONO-;30MB;30;40
2956;FIJO CAPTACION EMPRESAS-NUEVO-FIBRA ONO-;50MB;60;40
2957;FIJO CAPTACION EMPRESAS-NUEVO-FIBRA ONO-;120MB;90;60
2958;FIJO CAPTACION EMPRESAS-NUEVO-FIBRA ONO-;300MB;110;60
2959;FIJO CAPTACION EMPRESAS-NUEVO-FIBRA ONO-;1GB;125;60
2960;FIJO CAPTACION EMPRESAS-NUEVO-FIBRA NEBA-;30MB;30;40
2961;FIJO CAPTACION EMPRESAS-NUEVO-FIBRA NEBA-;50MB;60;40
2962;FIJO CAPTACION EMPRESAS-NUEVO-FIBRA NEBA-;120MB;90;60
2963;FIJO CAPTACION EMPRESAS-NUEVO-FIBRA NEBA-;300MB;110;60
2964;FIJO CAPTACION EMPRESAS-NUEVO-FIBRA NEBA-;1GB;125;60
2965;FIJO CAPTACION EMPRESAS-MIGRA-FIBRA ONO-;30MB;20;40
2966;FIJO CAPTACION EMPRESAS-MIGRA-FIBRA ONO-;50MB;25;40
2967;FIJO CAPTACION EMPRESAS-MIGRA-FIBRA ONO-;120MB;30;60
2968;FIJO CAPTACION EMPRESAS-MIGRA-FIBRA ONO-;300MB;45;60
2969;FIJO CAPTACION EMPRESAS-MIGRA-FIBRA ONO-;1GB;60;60
2970;FIJO CAPTACION EMPRESAS-MIGRA-FIBRA NEBA-;30MB;20;40
2971;FIJO CAPTACION EMPRESAS-MIGRA-FIBRA NEBA-;50MB;25;40
2972;FIJO CAPTACION EMPRESAS-MIGRA-FIBRA NEBA-;120MB;30;60
2973;FIJO CAPTACION EMPRESAS-MIGRA-FIBRA NEBA-;300MB;45;60
2974;FIJO CAPTACION EMPRESAS-MIGRA-FIBRA NEBA-;1GB;60;60
2975;FIJO CAPTACION EMPRESAS-PORTA-FIBRA ONO-;30MB;20;40
2976;FIJO CAPTACION EMPRESAS-PORTA-FIBRA ONO-;50MB;25;40
2977;FIJO CAPTACION EMPRESAS-PORTA-FIBRA ONO-;120MB;30;60
2978;FIJO CAPTACION EMPRESAS-PORTA-FIBRA ONO-;300MB;45;60
2979;FIJO CAPTACION EMPRESAS-PORTA-FIBRA ONO-;1GB;60;60
2980;FIJO CAPTACION EMPRESAS-PORTA-FIBRA NEBA-;30MB;20;40
2981;FIJO CAPTACION EMPRESAS-PORTA-FIBRA NEBA-;50MB;25;40
2982;FIJO CAPTACION EMPRESAS-PORTA-FIBRA NEBA-;120MB;30;60
2983;FIJO CAPTACION EMPRESAS-PORTA-FIBRA NEBA-;300MB;45;60
2984;FIJO CAPTACION EMPRESAS-PORTA-FIBRA NEBA-;1GB;60;60
